[太平洋 / 东亚]
                     [38;2;0;0;0m[48;2;19;69;105m▀[38;2;0;0;0m[48;2;40;138;169m▀[38;2;0;0;0m[48;2;20;74;111m▀[38;2;0;0;0m[48;2;21;75;113m▀[38;2;38;136;85m[48;2;48;159;100m▀[38;2;41;143;89m[48;2;21;77;115m▀[38;2;43;146;92m[48;2;22;78;116m▀[38;2;44;148;93m[48;2;40;139;170m▀[38;2;44;149;94m[48;2;22;78;116m▀[38;2;20;73;110m[48;2;51;164;103m▀[38;2;44;150;94m[48;2;51;164;103m▀[38;2;44;149;94m[48;2;22;78;116m▀[38;2;44;148;93m[48;2;22;78;116m▀[38;2;20;71;108m[48;2;22;78;116m▀[38;2;19;70;106m[48;2;21;77;115m▀[38;2;38;136;85m[48;2;21;76;114m▀[38;2;0;0;0m[48;2;21;75;113m▀[38;2;0;0;0m[48;2;20;74;111m▀[38;2;0;0;0m[48;2;20;72;109m▀[38;2;0;0;0m[48;2;40;141;88m▀                     [0m
                [38;2;0;0;0m[48;2;41;143;90m▀[38;2;0;0;0m[48;2;45;153;96m▀[38;2;40;137;168m[48;2;48;158;99m▀[38;2;20;72;109m[48;2;50;163;102m▀[38;2;21;75;112m[48;2;22;79;118m▀[38;2;21;77;114m[48;2;22;81;119m▀[38;2;22;78;116m[48;2;23;82;120m▀[38;2;22;79;117m[48;2;23;82;121m▀[38;2;22;80;118m[48;2;55;175;110m▀[38;2;22;80;119m[48;2;56;176;111m▀[38;2;23;81;120m[48;2;23;84;123m▀[38;2;23;81;120m[48;2;24;84;124m▀[38;2;23;82;121m[48;2;24;85;124m▀[38;2;23;82;121m[48;2;57;179;113m▀[38;2;23;82;121m[48;2;24;85;125m▀[38;2;23;82;121m[48;2;41;140;171m▀[38;2;23;82;121m[48;2;24;85;124m▀[38;2;23;82;121m[48;2;24;85;124m▀[38;2;23;81;120m[48;2;24;84;124m▀[38;2;23;81;120m[48;2;23;84;123m▀[38;2;22;80;119m[48;2;23;84;123m▀[38;2;22;80;118m[48;2;23;83;122m▀[38;2;22;79;117m[48;2;23;82;121m▀[38;2;22;78;116m[48;2;23;82;120m▀[38;2;40;139;170m[48;2;22;81;119m▀[38;2;47;155;97m[48;2;22;79;118m▀[38;2;44;149;94m[48;2;50;163;102m▀[38;2;39;139;87m[48;2;48;158;99m▀[38;2;0;0;0m[48;2;45;153;96m▀[38;2;0;0;0m[48;2;41;143;90m▀                [0m
             [38;2;240;222;96m[48;2;150;138;60m▀[38;2;240;222;96m[48;2;150;138;60m▀[38;2;40;138;169m[48;2;51;164;103m▀[38;2;48;159;100m[48;2;52;168;106m▀[38;2;51;164;103m[48;2;54;172;108m▀[38;2;22;80;119m[48;2;55;175;110m▀[38;2;23;81;120m[48;2;57;177;112m▀[38;2;23;83;122m[48;2;58;179;113m▀[38;2;23;83;123m[48;2;58;181;114m▀[38;2;41;140;171m[48;2;24;87;127m▀[38;2;24;85;125m[48;2;60;184;116m▀[38;2;58;181;114m[48;2;60;186;117m▀[38;2;24;86;126m[48;2;61;187;118m▀[38;2;59;183;115m[48;2;61;187;118m▀[38;2;59;183;116m[48;2;61;188;119m▀[38;2;60;184;116m[48;2;62;189;119m▀[38;2;60;184;116m[48;2;62;189;119m▀[38;2;60;184;116m[48;2;62;189;119m▀[38;2;41;140;172m[48;2;62;189;119m▀[38;2;24;87;127m[48;2;62;189;119m▀[38;2;24;87;127m[48;2;25;89;129m▀[38;2;24;87;127m[48;2;61;188;119m▀[38;2;24;86;126m[48;2;61;187;118m▀[38;2;24;86;126m[48;2;61;187;118m▀[38;2;24;86;125m[48;2;60;186;117m▀[38;2;24;85;125m[48;2;60;184;116m▀[38;2;24;84;124m[48;2;59;183;115m▀[38;2;56;176;111m[48;2;58;181;114m▀[38;2;23;83;122m[48;2;58;179;113m▀[38;2;23;81;120m[48;2;57;177;112m▀[38;2;52;168;106m[48;2;23;83;122m▀[38;2;51;164;103m[48;2;23;82;121m▀[38;2;48;159;100m[48;2;52;168;106m▀[38;2;40;138;169m[48;2;51;164;103m▀[38;2;19;69;105m[48;2;48;158;99m▀[38;2;0;0;0m[48;2;20;73;110m▀             [0m
          [38;2;0;0;0m[48;2;43;148;92m▀[38;2;41;143;89m[48;2;48;158;99m▀[38;2;150;138;60m[48;2;150;138;60m▀[38;2;50;162;102m[48;2;53;169;107m▀[38;2;240;222;96m[48;2;55;174;109m▀[38;2;240;222;96m[48;2;150;138;60m▀[38;2;55;175;110m[48;2;150;138;60m▀[38;2;57;178;112m[48;2;59;183;115m▀[38;2;58;180;114m[48;2;60;185;117m▀[38;2;59;182;115m[48;2;61;187;118m▀[38;2;60;184;116m[48;2;62;189;119m▀[38;2;61;186;117m[48;2;62;190;120m▀[38;2;61;188;118m[48;2;63;192;121m▀[38;2;62;189;119m[48;2;64;193;122m▀[38;2;62;190;120m[48;2;64;194;122m▀[38;2;63;191;120m[48;2;64;195;123m▀[38;2;63;192;121m[48;2;65;195;123m▀[38;2;63;192;121m[48;2;65;196;124m▀[38;2;64;193;122m[48;2;65;196;124m▀[38;2;64;193;122m[48;2;65;196;124m▀[38;2;64;193;122m[48;2;65;197;124m▀[38;2;64;193;122m[48;2;65;197;124m▀[38;2;64;193;122m[48;2;65;196;124m▀[38;2;64;193;122m[48;2;65;196;124m▀[38;2;63;192;121m[48;2;65;196;124m▀[38;2;63;192;121m[48;2;65;195;123m▀[38;2;63;191;120m[48;2;64;195;123m▀[38;2;62;190;120m[48;2;64;194;122m▀[38;2;62;189;119m[48;2;64;193;122m▀[38;2;61;188;118m[48;2;63;192;121m▀[38;2;61;186;117m[48;2;62;190;120m▀[38;2;60;184;116m[48;2;62;189;119m▀[38;2;59;182;115m[48;2;61;187;118m▀[38;2;58;180;114m[48;2;41;140;172m▀[38;2;41;140;171m[48;2;150;138;60m▀[38;2;40;139;171m[48;2;240;222;96m▀[38;2;240;222;96m[48;2;240;222;96m▀[38;2;150;138;60m[48;2;23;83;122m▀[38;2;150;138;60m[48;2;23;81;120m▀[38;2;240;222;96m[48;2;22;79;117m▀[38;2;240;222;96m[48;2;21;76;114m▀[38;2;0;0;0m[48;2;20;72;108m▀          [0m
        [38;2;0;0;0m[48;2;45;151;94m▀[38;2;44;150;94m[48;2;21;77;115m▀[38;2;49;159;100m[48;2;52;167;105m▀[38;2;52;166;104m[48;2;54;172;108m▀[38;2;240;222;96m[48;2;240;222;96m▀[38;2;56;175;110m[48;2;58;180;113m▀[38;2;57;179;113m[48;2;59;183;115m▀[38;2;59;182;115m[48;2;60;186;117m▀[38;2;150;138;60m[48;2;62;188;119m▀[38;2;240;222;96m[48;2;240;222;96m▀[38;2;62;189;119m[48;2;63;192;121m▀[38;2;63;191;120m[48;2;64;194;123m▀[38;2;63;192;121m[48;2;65;196;123m▀[38;2;64;194;122m[48;2;65;197;124m▀[38;2;65;195;123m[48;2;66;198;125m▀[38;2;65;196;124m[48;2;66;199;126m▀[38;2;66;197;124m[48;2;67;200;126m▀[38;2;66;198;125m[48;2;67;201;127m▀[38;2;66;198;125m[48;2;67;201;127m▀[38;2;66;199;126m[48;2;68;202;128m▀[38;2;67;199;126m[48;2;68;202;128m▀[38;2;67;200;126m[48;2;68;202;128m▀[38;2;67;200;126m[48;2;68;203;128m▀[38;2;67;200;126m[48;2;68;203;128m▀[38;2;67;200;126m[48;2;68;202;128m▀[38;2;67;199;126m[48;2;68;202;128m▀[38;2;66;199;126m[48;2;68;202;128m▀[38;2;66;198;125m[48;2;67;201;127m▀[38;2;66;198;125m[48;2;67;201;127m▀[38;2;66;197;124m[48;2;67;200;126m▀[38;2;65;196;124m[48;2;26;93;135m▀[38;2;65;195;123m[48;2;26;93;134m▀[38;2;64;194;122m[48;2;240;222;96m▀[38;2;41;141;172m[48;2;240;222;96m▀[38;2;150;138;60m[48;2;240;222;96m▀[38;2;150;138;60m[48;2;63;192;121m▀[38;2;25;88;129m[48;2;25;90;130m▀[38;2;24;87;127m[48;2;25;89;129m▀[38;2;24;86;126m[48;2;25;88;128m▀[38;2;24;85;124m[48;2;24;87;127m▀[38;2;23;83;123m[48;2;41;140;171m▀[38;2;23;81;120m[48;2;23;84;123m▀[38;2;22;79;118m[48;2;23;82;121m▀[38;2;21;77;114m[48;2;22;80;118m▀[38;2;40;138;169m[48;2;21;77;115m▀[38;2;0;0;0m[48;2;20;73;110m▀        [0m
      [38;2;0;0;0m[48;2;20;72;109m▀[38;2;20;73;110m[48;2;49;160;100m▀[38;2;21;77;115m[48;2;22;80;118m▀[38;2;52;167;105m[48;2;54;173;109m▀[38;2;54;173;109m[48;2;57;177;112m▀[38;2;56;177;111m[48;2;58;181;114m▀[38;2;240;222;96m[48;2;150;138;60m▀[38;2;60;184;116m[48;2;61;187;118m▀[38;2;61;187;118m[48;2;62;190;120m▀[38;2;62;189;119m[48;2;63;192;121m▀[38;2;63;192;121m[48;2;64;195;123m▀[38;2;64;194;122m[48;2;65;197;124m▀[38;2;240;222;96m[48;2;240;222;96m▀[38;2;66;197;124m[48;2;240;222;96m▀[38;2;66;198;125m[48;2;67;201;127m▀[38;2;67;200;126m[48;2;68;202;128m▀[38;2;67;201;127m[48;2;68;203;129m▀[38;2;68;202;128m[48;2;69;204;129m▀[38;2;68;203;128m[48;2;69;205;130m▀[38;2;68;203;129m[48;2;70;206;130m▀[38;2;69;204;129m[48;2;70;206;130m▀[38;2;69;204;129m[48;2;70;207;131m▀[38;2;69;205;129m[48;2;27;97;139m▀[38;2;69;205;130m[48;2;70;207;131m▀[38;2;69;205;130m[48;2;70;207;131m▀[38;2;69;205;130m[48;2;70;207;131m▀[38;2;69;205;130m[48;2;70;207;131m▀[38;2;69;205;129m[48;2;70;207;131m▀[38;2;69;204;129m[48;2;70;207;131m▀[38;2;69;204;129m[48;2;70;206;130m▀[38;2;68;203;129m[48;2;70;206;130m▀[38;2;27;95;137m[48;2;69;205;130m▀[38;2;27;94;136m[48;2;150;138;60m▀[38;2;240;222;96m[48;2;240;222;96m▀[38;2;240;222;96m[48;2;27;95;137m▀[38;2;26;93;135m[48;2;41;141;173m▀[38;2;26;92;134m[48;2;26;94;135m▀[38;2;65;195;123m[48;2;26;93;134m▀[38;2;26;91;132m[48;2;26;92;134m▀[38;2;25;90;131m[48;2;26;91;133m▀[38;2;25;89;130m[48;2;25;90;131m▀[38;2;25;88;129m[48;2;25;90;130m▀[38;2;24;87;127m[48;2;25;88;129m▀[38;2;41;140;171m[48;2;24;87;127m▀[38;2;23;84;123m[48;2;41;140;171m▀[38;2;23;82;121m[48;2;24;84;124m▀[38;2;22;80;118m[48;2;23;82;121m▀[38;2;21;77;115m[48;2;22;80;118m▀[38;2;20;73;110m[48;2;21;77;114m▀[38;2;0;0;0m[48;2;20;72;109m▀      [0m
    [38;2;0;0;0m[48;2;36;132;83m▀[38;2;19;70;106m[48;2;40;138;169m▀[38;2;48;158;99m[48;2;51;164;103m▀[38;2;51;166;104m[48;2;54;171;108m▀[38;2;54;172;108m[48;2;56;176;111m▀[38;2;56;177;111m[48;2;24;85;125m▀[38;2;58;181;114m[48;2;60;184;116m▀[38;2;60;185;116m[48;2;61;188;118m▀[38;2;150;138;60m[48;2;150;138;60m▀[38;2;63;191;120m[48;2;64;193;122m▀[38;2;64;193;122m[48;2;65;196;123m▀[38;2;65;195;123m[48;2;66;198;125m▀[38;2;66;197;125m[48;2;67;200;126m▀[38;2;66;199;126m[48;2;67;201;127m▀[38;2;67;201;127m[48;2;68;203;128m▀[38;2;150;138;60m[48;2;69;204;129m▀[38;2;150;138;60m[48;2;150;138;60m▀[38;2;69;205;129m[48;2;240;222;96m▀[38;2;69;206;130m[48;2;70;208;131m▀[38;2;70;207;131m[48;2;71;209;132m▀[38;2;70;207;131m[48;2;71;209;132m▀[38;2;70;208;131m[48;2;71;210;133m▀[38;2;71;208;132m[48;2;72;210;133m▀[38;2;71;209;132m[48;2;72;211;133m▀[38;2;71;209;132m[48;2;72;211;134m▀[38;2;71;209;132m[48;2;72;211;134m▀[38;2;71;210;133m[48;2;72;211;134m▀[38;2;71;210;133m[48;2;72;211;134m▀[38;2;71;209;132m[48;2;72;211;134m▀[38;2;71;209;132m[48;2;72;211;134m▀[38;2;71;209;132m[48;2;72;211;133m▀[38;2;71;208;132m[48;2;150;138;60m▀[38;2;150;138;60m[48;2;150;138;60m▀[38;2;150;138;60m[48;2;71;209;132m▀[38;2;70;207;131m[48;2;71;209;132m▀[38;2;27;96;138m[48;2;27;97;139m▀[38;2;27;96;138m[48;2;27;96;139m▀[38;2;27;95;137m[48;2;27;96;138m▀[38;2;41;141;173m[48;2;41;141;173m▀[38;2;27;94;136m[48;2;27;95;137m▀[38;2;26;93;135m[48;2;27;94;136m▀[38;2;26;92;134m[48;2;26;93;135m▀[38;2;26;92;133m[48;2;26;93;134m▀[38;2;26;91;132m[48;2;26;92;133m▀[38;2;25;90;130m[48;2;26;91;132m▀[38;2;25;89;129m[48;2;25;90;131m▀[38;2;24;87;127m[48;2;25;88;129m▀[38;2;41;140;171m[48;2;24;87;127m▀[38;2;23;84;123m[48;2;24;85;125m▀[38;2;23;82;121m[48;2;23;84;123m▀[38;2;22;79;118m[48;2;23;81;120m▀[38;2;21;76;114m[48;2;22;79;117m▀[38;2;40;138;168m[48;2;21;75;112m▀[38;2;0;0;0m[48;2;40;137;168m▀    [0m
   [38;2;0;0;0m[48;2;41;142;89m▀[38;2;40;138;169m[48;2;48;158;99m▀[38;2;50;162;102m[48;2;52;167;105m▀[38;2;53;169;106m[48;2;55;173;109m▀[38;2;56;175;110m[48;2;57;178;112m▀[38;2;58;180;113m[48;2;59;183;115m▀[38;2;24;87;127m[48;2;61;186;118m▀[38;2;61;187;118m[48;2;62;190;120m▀[38;2;63;190;120m[48;2;64;193;122m▀[38;2;240;222;96m[48;2;240;222;96m▀[38;2;65;196;123m[48;2;240;222;96m▀[38;2;66;198;125m[48;2;67;200;126m▀[38;2;67;200;126m[48;2;68;202;128m▀[38;2;68;202;127m[48;2;69;204;129m▀[38;2;68;203;129m[48;2;69;205;130m▀[38;2;69;205;129m[48;2;70;207;131m▀[38;2;70;206;130m[48;2;71;208;132m▀[38;2;70;207;131m[48;2;71;209;132m▀[38;2;240;222;96m[48;2;240;222;96m▀[38;2;71;210;132m[48;2;240;222;96m▀[38;2;72;210;133m[48;2;72;212;134m▀[38;2;72;211;133m[48;2;73;213;135m▀[38;2;72;212;134m[48;2;73;213;135m▀[38;2;72;212;134m[48;2;73;214;135m▀[38;2;73;213;134m[48;2;73;214;135m▀[38;2;73;213;135m[48;2;73;214;136m▀[38;2;73;213;135m[48;2;74;215;136m▀[38;2;73;213;135m[48;2;74;215;136m▀[38;2;73;213;135m[48;2;74;215;136m▀[38;2;73;213;135m[48;2;74;215;136m▀[38;2;73;213;135m[48;2;240;222;96m▀[38;2;240;222;96m[48;2;73;214;135m▀[38;2;240;222;96m[48;2;73;214;135m▀[38;2;72;212;134m[48;2;73;213;135m▀[38;2;72;211;133m[48;2;73;213;135m▀[38;2;72;210;133m[48;2;28;99;142m▀[38;2;28;98;140m[48;2;28;98;141m▀[38;2;28;97;140m[48;2;28;98;141m▀[38;2;27;97;139m[48;2;71;209;132m▀[38;2;27;96;139m[48;2;28;97;140m▀[38;2;41;141;173m[48;2;41;141;173m▀[38;2;27;95;137m[48;2;27;96;138m▀[38;2;27;94;136m[48;2;27;95;137m▀[38;2;26;94;135m[48;2;27;94;136m▀[38;2;26;93;134m[48;2;26;94;135m▀[38;2;26;92;133m[48;2;26;93;134m▀[38;2;26;91;132m[48;2;26;92;133m▀[38;2;25;90;130m[48;2;26;91;132m▀[38;2;25;88;129m[48;2;25;89;130m▀[38;2;24;87;127m[48;2;25;88;128m▀[38;2;24;85;125m[48;2;41;140;171m▀[38;2;23;83;122m[48;2;24;84;124m▀[38;2;22;81;119m[48;2;23;82;121m▀[38;2;22;78;116m[48;2;22;80;118m▀[38;2;40;138;169m[48;2;40;138;170m▀[38;2;0;0;0m[48;2;19;70;106m▀   [0m
  [38;2;0;0;0m[48;2;41;143;89m▀[38;2;45;153;96m[48;2;21;76;114m▀[38;2;50;163;103m[48;2;52;167;105m▀[38;2;54;171;107m[48;2;55;174;109m▀[38;2;56;176;111m[48;2;57;179;113m▀[38;2;58;181;114m[48;2;59;183;116m▀[38;2;60;185;117m[48;2;61;187;118m▀[38;2;62;189;119m[48;2;63;191;120m▀[38;2;63;192;121m[48;2;64;194;122m▀[38;2;65;195;123m[48;2;65;197;124m▀[38;2;66;197;125m[48;2;66;199;126m▀[38;2;240;222;96m[48;2;240;222;96m▀[38;2;68;202;127m[48;2;68;203;128m▀[38;2;69;204;129m[48;2;69;205;130m▀[38;2;69;205;130m[48;2;70;207;131m▀[38;2;70;207;131m[48;2;71;208;132m▀[38;2;71;208;132m[48;2;71;210;133m▀[38;2;71;210;133m[48;2;72;211;133m▀[38;2;72;211;133m[48;2;72;212;134m▀[38;2;72;212;134m[48;2;73;213;135m▀[38;2;240;222;96m[48;2;73;214;135m▀[38;2;240;222;96m[48;2;240;222;96m▀[38;2;73;214;135m[48;2;240;222;96m▀[38;2;74;215;136m[48;2;74;216;137m▀[38;2;74;215;136m[48;2;74;217;137m▀[38;2;74;216;136m[48;2;75;217;137m▀[38;2;74;216;137m[48;2;75;217;137m▀[38;2;74;216;137m[48;2;75;217;138m▀[38;2;74;216;137m[48;2;75;217;138m▀[38;2;255;92;92m[48;2;255;92;92m▀[38;2;240;222;96m[48;2;75;217;138m▀[38;2;74;216;137m[48;2;75;217;137m▀[38;2;74;216;136m[48;2;29;101;144m▀[38;2;74;215;136m[48;2;74;217;137m▀[38;2;74;215;136m[48;2;29;100;144m▀[38;2;28;100;143m[48;2;28;100;143m▀[38;2;28;99;142m[48;2;28;100;143m▀[38;2;28;99;142m[48;2;28;100;143m▀[38;2;28;99;141m[48;2;28;99;142m▀[38;2;28;98;141m[48;2;72;212;134m▀[38;2;28;98;140m[48;2;28;98;141m▀[38;2;28;97;140m[48;2;28;98;140m▀[38;2;41;142;173m[48;2;41;142;174m▀[38;2;27;96;138m[48;2;27;97;139m▀[38;2;27;95;137m[48;2;27;96;138m▀[38;2;27;94;136m[48;2;27;95;137m▀[38;2;26;93;135m[48;2;27;94;136m▀[38;2;26;93;134m[48;2;26;93;135m▀[38;2;26;91;133m[48;2;26;92;134m▀[38;2;25;90;131m[48;2;26;91;132m▀[38;2;25;89;130m[48;2;25;90;131m▀[38;2;25;87;128m[48;2;25;88;129m▀[38;2;41;140;171m[48;2;24;87;127m▀[38;2;23;84;123m[48;2;41;140;171m▀[38;2;40;139;171m[48;2;40;139;171m▀[38;2;40;139;170m[48;2;22;80;118m▀[38;2;20;74;111m[48;2;21;76;114m▀[38;2;0;0;0m[48;2;19;70;106m▀  [0m
 [38;2;0;0;0m[48;2;37;134;84m▀[38;2;45;151;95m[48;2;47;157;98m▀[38;2;50;163;102m[48;2;52;166;105m▀[38;2;54;170;107m[48;2;55;173;109m▀[38;2;56;176;111m[48;2;57;179;113m▀[38;2;58;181;114m[48;2;24;87;127m▀[38;2;60;186;117m[48;2;61;187;118m▀[38;2;62;189;119m[48;2;63;191;121m▀[38;2;64;193;122m[48;2;64;194;123m▀[38;2;65;196;123m[48;2;66;197;124m▀[38;2;66;198;125m[48;2;67;200;126m▀[38;2;67;201;127m[48;2;68;202;128m▀[38;2;240;222;96m[48;2;69;204;129m▀[38;2;240;222;96m[48;2;150;138;60m▀[38;2;70;207;131m[48;2;70;208;131m▀[38;2;71;208;132m[48;2;71;209;132m▀[38;2;71;210;133m[48;2;72;211;133m▀[38;2;72;211;133m[48;2;72;212;134m▀[38;2;72;212;134m[48;2;73;213;135m▀[38;2;73;213;135m[48;2;73;214;136m▀[38;2;73;214;136m[48;2;74;215;136m▀[38;2;74;215;136m[48;2;74;216;137m▀[38;2;74;216;137m[48;2;75;217;137m▀[38;2;240;222;96m[48;2;150;138;60m▀[38;2;75;217;137m[48;2;150;138;60m▀[38;2;75;218;138m[48;2;75;219;138m▀[38;2;75;218;138m[48;2;75;219;139m▀[38;2;75;218;138m[48;2;76;219;139m▀[38;2;75;218;138m[48;2;76;220;139m▀[38;2;75;219;138m[48;2;76;220;139m▀[38;2;75;219;138m[48;2;76;220;139m▀[38;2;75;218;138m[48;2;76;220;139m▀[38;2;75;218;138m[48;2;29;102;145m▀[38;2;29;101;145m[48;2;29;102;145m▀[38;2;75;218;138m[48;2;75;219;138m▀[38;2;75;217;137m[48;2;75;218;138m▀[38;2;29;101;144m[48;2;29;101;144m▀[38;2;29;100;144m[48;2;75;217;137m▀[38;2;74;215;136m[48;2;74;216;137m▀[38;2;73;214;136m[48;2;28;100;143m▀[38;2;240;222;96m[48;2;150;138;60m▀[38;2;28;99;142m[48;2;28;99;142m▀[38;2;28;98;141m[48;2;28;99;142m▀[38;2;28;98;140m[48;2;28;98;141m▀[38;2;41;142;174m[48;2;41;142;174m▀[38;2;27;96;139m[48;2;27;97;139m▀[38;2;27;96;138m[48;2;27;96;138m▀[38;2;27;95;137m[48;2;27;95;137m▀[38;2;27;94;136m[48;2;41;141;173m▀[38;2;26;93;134m[48;2;41;141;173m▀[38;2;26;92;133m[48;2;41;141;173m▀[38;2;41;141;172m[48;2;41;141;172m▀[38;2;41;140;172m[48;2;25;90;131m▀[38;2;41;140;172m[48;2;25;88;129m▀[38;2;41;140;171m[48;2;24;87;127m▀[38;2;23;84;123m[48;2;24;85;124m▀[38;2;23;81;120m[48;2;23;82;122m▀[38;2;22;78;116m[48;2;22;79;118m▀[38;2;20;73;110m[48;2;21;75;113m▀[38;2;0;0;0m[48;2;40;137;168m▀ [0m
 [38;2;43;146;92m[48;2;45;152;95m▀[38;2;21;77;115m[48;2;22;78;116m▀[38;2;53;169;106m[48;2;54;171;108m▀[38;2;56;175;110m[48;2;57;177;112m▀[38;2;58;181;114m[48;2;59;182;115m▀[38;2;60;185;117m[48;2;61;186;118m▀[38;2;62;189;119m[48;2;41;141;172m▀[38;2;63;192;121m[48;2;26;91;132m▀[38;2;65;195;123m[48;2;65;197;124m▀[38;2;66;198;125m[48;2;67;199;126m▀[38;2;67;201;127m[48;2;68;202;128m▀[38;2;68;203;128m[48;2;69;204;129m▀[38;2;69;205;130m[48;2;70;206;130m▀[38;2;150;138;60m[48;2;70;208;131m▀[38;2;150;138;60m[48;2;150;138;60m▀[38;2;72;210;133m[48;2;72;211;134m▀[38;2;72;212;134m[48;2;73;213;135m▀[38;2;73;213;135m[48;2;73;214;135m▀[38;2;73;214;136m[48;2;74;215;136m▀[38;2;74;215;136m[48;2;74;216;137m▀[38;2;74;216;137m[48;2;75;217;137m▀[38;2;75;217;137m[48;2;75;218;138m▀[38;2;75;218;138m[48;2;75;219;138m▀[38;2;75;219;138m[48;2;76;219;139m▀[38;2;150;138;60m[48;2;76;220;139m▀[38;2;150;138;60m[48;2;150;138;60m▀[38;2;76;220;139m[48;2;240;222;96m▀[38;2;76;220;139m[48;2;76;221;140m▀[38;2;76;220;139m[48;2;76;221;140m▀[38;2;76;220;140m[48;2;76;221;140m▀[38;2;76;220;140m[48;2;76;221;140m▀[38;2;76;220;139m[48;2;76;221;140m▀[38;2;76;220;139m[48;2;76;221;140m▀[38;2;29;102;146m[48;2;41;142;174m▀[38;2;76;220;139m[48;2;41;142;174m▀[38;2;29;102;145m[48;2;41;142;174m▀[38;2;75;219;138m[48;2;41;142;174m▀[38;2;29;101;145m[48;2;41;142;174m▀[38;2;29;101;144m[48;2;41;142;174m▀[38;2;29;100;144m[48;2;41;142;174m▀[38;2;150;138;60m[48;2;41;142;174m▀[38;2;150;138;60m[48;2;150;138;60m▀[38;2;28;99;142m[48;2;41;142;174m▀[38;2;28;99;141m[48;2;41;142;174m▀[38;2;41;142;174m[48;2;41;142;174m▀[38;2;41;142;174m[48;2;41;142;174m▀[38;2;41;142;173m[48;2;27;97;139m▀[38;2;41;141;173m[48;2;27;96;139m▀[38;2;41;141;173m[48;2;27;95;137m▀[38;2;41;141;173m[48;2;27;94;136m▀[38;2;26;93;134m[48;2;26;93;135m▀[38;2;26;92;133m[48;2;26;92;134m▀[38;2;25;90;131m[48;2;26;91;132m▀[38;2;25;89;130m[48;2;25;90;130m▀[38;2;25;87;128m[48;2;25;88;128m▀[38;2;41;140;171m[48;2;41;140;171m▀[38;2;23;83;123m[48;2;24;84;124m▀[38;2;22;81;119m[48;2;23;82;120m▀[38;2;21;77;115m[48;2;22;78;116m▀[38;2;20;71;108m[48;2;20;73;110m▀ [0m
[38;2;0;0;0m[48;2;39;138;86m▀[38;2;47;155;97m[48;2;48;158;99m▀[38;2;22;79;118m[48;2;52;167;105m▀[38;2;55;173;109m[48;2;55;174;110m▀[38;2;57;179;113m[48;2;58;180;113m▀[38;2;59;183;116m[48;2;60;185;116m▀[38;2;61;188;118m[48;2;41;140;172m▀[38;2;41;141;172m[48;2;25;90;131m▀[38;2;26;91;133m[48;2;26;92;133m▀[38;2;26;93;134m[48;2;26;93;135m▀[38;2;67;200;127m[48;2;67;201;127m▀[38;2;68;203;128m[48;2;68;203;129m▀[38;2;69;205;130m[48;2;69;206;130m▀[38;2;70;207;131m[48;2;70;208;131m▀[38;2;71;209;132m[48;2;71;209;132m▀[38;2;240;222;96m[48;2;72;211;134m▀[38;2;240;222;96m[48;2;240;222;96m▀[38;2;73;213;135m[48;2;73;214;135m▀[38;2;74;215;136m[48;2;74;215;136m▀[38;2;74;216;137m[48;2;74;216;137m▀[38;2;75;217;137m[48;2;75;217;138m▀[38;2;75;218;138m[48;2;75;218;138m▀[38;2;75;219;138m[48;2;76;219;139m▀[38;2;76;219;139m[48;2;76;220;139m▀[38;2;76;220;139m[48;2;76;221;140m▀[38;2;76;221;140m[48;2;76;221;140m▀[38;2;76;221;140m[48;2;77;222;140m▀[38;2;240;222;96m[48;2;240;222;96m▀[38;2;77;222;140m[48;2;240;222;96m▀[38;2;77;222;140m[48;2;77;222;141m▀[38;2;77;222;140m[48;2;77;222;141m▀[38;2;77;222;140m[48;2;77;222;141m▀[38;2;77;222;140m[48;2;77;222;141m▀[38;2;77;222;140m[48;2;41;142;175m▀[38;2;41;142;174m[48;2;29;103;147m▀[38;2;41;142;174m[48;2;29;103;146m▀[38;2;41;142;174m[48;2;29;102;146m▀[38;2;41;142;174m[48;2;29;102;146m▀[38;2;41;142;174m[48;2;29;102;146m▀[38;2;29;101;145m[48;2;29;102;145m▀[38;2;29;101;145m[48;2;29;101;145m▀[38;2;29;101;144m[48;2;29;101;144m▀[38;2;240;222;96m[48;2;240;222;96m▀[38;2;28;100;143m[48;2;240;222;96m▀[38;2;28;99;142m[48;2;28;100;143m▀[38;2;28;99;142m[48;2;28;99;142m▀[38;2;41;142;174m[48;2;41;142;174m▀[38;2;28;97;140m[48;2;28;98;140m▀[38;2;27;97;139m[48;2;27;97;139m▀[38;2;27;96;138m[48;2;27;96;138m▀[38;2;27;95;137m[48;2;27;95;137m▀[38;2;27;94;136m[48;2;27;94;136m▀[38;2;26;93;134m[48;2;26;93;135m▀[38;2;26;91;133m[48;2;26;92;133m▀[38;2;25;90;131m[48;2;25;90;131m▀[38;2;25;88;129m[48;2;25;89;130m▀[38;2;24;87;127m[48;2;24;87;127m▀[38;2;41;140;171m[48;2;41;140;171m▀[38;2;23;82;121m[48;2;23;83;122m▀[38;2;22;79;118m[48;2;22;80;118m▀[38;2;21;75;112m[48;2;21;76;114m▀[38;2;0;0;0m[48;2;18;68;103m▀[0m
[38;2;41;144;90m[48;2;43;147;92m▀[38;2;49;160;100m[48;2;49;161;101m▀[38;2;53;169;106m[48;2;23;81;120m▀[38;2;23;83;123m[48;2;23;84;123m▀[38;2;24;86;125m[48;2;24;86;126m▀[38;2;25;88;128m[48;2;25;88;128m▀[38;2;41;140;172m[48;2;41;140;172m▀[38;2;26;91;132m[48;2;26;91;132m▀[38;2;26;92;133m[48;2;26;92;134m▀[38;2;26;93;135m[48;2;26;93;135m▀[38;2;27;94;136m[48;2;27;95;136m▀[38;2;69;204;129m[48;2;69;204;129m▀[38;2;70;206;130m[48;2;70;207;131m▀[38;2;71;208;132m[48;2;71;209;132m▀[38;2;71;210;133m[48;2;72;210;133m▀[38;2;72;212;134m[48;2;72;212;134m▀[38;2;240;222;96m[48;2;73;213;135m▀[38;2;240;222;96m[48;2;240;222;96m▀[38;2;74;216;137m[48;2;41;142;174m▀[38;2;75;217;137m[48;2;75;217;137m▀[38;2;75;218;138m[48;2;75;218;138m▀[38;2;75;219;138m[48;2;76;219;139m▀[38;2;76;220;139m[48;2;76;220;139m▀[38;2;76;220;139m[48;2;76;221;140m▀[38;2;76;221;140m[48;2;77;221;140m▀[38;2;77;222;140m[48;2;77;222;140m▀[38;2;77;222;141m[48;2;77;222;141m▀[38;2;77;222;141m[48;2;77;223;141m▀[38;2;240;222;96m[48;2;77;223;141m▀[38;2;240;222;96m[48;2;240;222;96m▀[38;2;255;92;92m[48;2;255;92;92m▀[38;2;77;223;141m[48;2;29;103;147m▀[38;2;77;223;141m[48;2;41;142;175m▀[38;2;41;142;175m[48;2;77;223;141m▀[38;2;29;103;147m[48;2;29;103;147m▀[38;2;29;103;147m[48;2;29;103;147m▀[38;2;29;103;146m[48;2;29;103;147m▀[38;2;29;102;146m[48;2;29;103;146m▀[38;2;29;102;146m[48;2;29;102;146m▀[38;2;29;102;146m[48;2;29;102;146m▀[38;2;29;102;145m[48;2;29;102;145m▀[38;2;29;101;145m[48;2;29;101;145m▀[38;2;29;101;144m[48;2;29;101;144m▀[38;2;240;222;96m[48;2;240;222;96m▀[38;2;28;100;143m[48;2;240;222;96m▀[38;2;28;99;142m[48;2;28;99;142m▀[38;2;41;142;174m[48;2;28;99;142m▀[38;2;41;142;174m[48;2;41;142;174m▀[38;2;28;97;140m[48;2;28;97;140m▀[38;2;27;96;139m[48;2;27;96;139m▀[38;2;27;95;137m[48;2;27;96;138m▀[38;2;27;94;136m[48;2;27;95;136m▀[38;2;26;93;135m[48;2;26;93;135m▀[38;2;26;92;133m[48;2;26;92;134m▀[38;2;26;91;132m[48;2;26;91;132m▀[38;2;25;89;130m[48;2;25;89;130m▀[38;2;25;88;128m[48;2;25;88;128m▀[38;2;41;140;171m[48;2;24;86;126m▀[38;2;23;83;123m[48;2;23;84;123m▀[38;2;22;80;119m[48;2;23;81;120m▀[38;2;21;77;115m[48;2;21;77;115m▀[38;2;19;70;106m[48;2;20;71;108m▀[0m
[38;2;44;148;93m[48;2;44;149;93m▀[38;2;50;162;102m[48;2;50;162;102m▀[38;2;53;170;107m[48;2;54;171;107m▀[38;2;23;84;123m[48;2;23;84;123m▀[38;2;24;86;126m[48;2;24;86;126m▀[38;2;25;88;128m[48;2;41;140;172m▀[38;2;25;90;130m[48;2;25;90;130m▀[38;2;26;91;132m[48;2;26;91;132m▀[38;2;26;92;134m[48;2;26;92;134m▀[38;2;26;94;135m[48;2;26;94;135m▀[38;2;27;95;137m[48;2;27;95;137m▀[38;2;69;205;129m[48;2;69;205;129m▀[38;2;70;207;131m[48;2;70;207;131m▀[38;2;71;209;132m[48;2;71;209;132m▀[38;2;72;211;133m[48;2;28;98;141m▀[38;2;28;99;142m[48;2;28;99;142m▀[38;2;28;99;142m[48;2;28;99;143m▀[38;2;240;222;96m[48;2;41;142;174m▀[38;2;240;222;96m[48;2;240;222;96m▀[38;2;29;101;144m[48;2;29;101;144m▀[38;2;75;218;138m[48;2;75;219;138m▀[38;2;76;219;139m[48;2;76;220;139m▀[38;2;76;220;139m[48;2;76;220;139m▀[38;2;76;221;140m[48;2;76;221;140m▀[38;2;77;222;140m[48;2;77;222;140m▀[38;2;77;222;141m[48;2;77;222;141m▀[38;2;29;103;147m[48;2;29;103;147m▀[38;2;29;103;147m[48;2;77;223;141m▀[38;2;77;223;141m[48;2;29;103;147m▀[38;2;29;103;147m[48;2;29;103;147m▀[38;2;29;103;147m[48;2;29;103;147m▀[38;2;29;103;147m[48;2;29;103;147m▀[38;2;41;142;175m[48;2;41;142;175m▀[38;2;41;142;175m[48;2;41;142;175m▀[38;2;29;103;147m[48;2;29;103;147m▀[38;2;29;103;147m[48;2;29;103;147m▀[38;2;29;103;147m[48;2;29;103;147m▀[38;2;29;103;146m[48;2;29;103;147m▀[38;2;29;102;146m[48;2;29;102;146m▀[38;2;29;102;146m[48;2;29;102;146m▀[38;2;29;102;145m[48;2;29;102;145m▀[38;2;29;101;145m[48;2;29;101;145m▀[38;2;29;101;144m[48;2;29;101;144m▀[38;2;29;100;144m[48;2;29;101;144m▀[38;2;240;222;96m[48;2;150;138;60m▀[38;2;28;99;142m[48;2;28;99;143m▀[38;2;28;99;142m[48;2;28;99;142m▀[38;2;41;142;174m[48;2;41;142;174m▀[38;2;28;97;140m[48;2;28;97;140m▀[38;2;27;97;139m[48;2;27;97;139m▀[38;2;27;96;138m[48;2;27;96;138m▀[38;2;27;95;137m[48;2;27;95;137m▀[38;2;26;94;135m[48;2;26;94;135m▀[38;2;26;92;134m[48;2;26;92;134m▀[38;2;26;91;132m[48;2;26;91;132m▀[38;2;25;90;130m[48;2;25;90;130m▀[38;2;25;88;128m[48;2;25;88;128m▀[38;2;24;86;126m[48;2;24;86;126m▀[38;2;40;140;171m[48;2;40;140;171m▀[38;2;23;81;120m[48;2;23;81;120m▀[38;2;22;78;116m[48;2;22;78;116m▀[38;2;20;72;109m[48;2;20;72;109m▀[0m
[38;2;44;149;93m[48;2;44;148;93m▀[38;2;50;162;102m[48;2;50;162;102m▀[38;2;54;171;107m[48;2;23;81;120m▀[38;2;23;84;123m[48;2;23;84;123m▀[38;2;24;86;126m[48;2;24;86;126m▀[38;2;41;140;172m[48;2;41;140;172m▀[38;2;25;90;130m[48;2;25;90;130m▀[38;2;26;91;132m[48;2;26;91;132m▀[38;2;26;92;134m[48;2;26;92;134m▀[38;2;26;94;135m[48;2;26;94;135m▀[38;2;27;95;137m[48;2;27;95;137m▀[38;2;69;205;129m[48;2;69;205;129m▀[38;2;70;207;131m[48;2;70;207;131m▀[38;2;28;97;140m[48;2;28;97;140m▀[38;2;28;98;141m[48;2;28;98;141m▀[38;2;28;99;142m[48;2;28;99;142m▀[38;2;28;99;143m[48;2;28;99;142m▀[38;2;41;142;174m[48;2;41;142;174m▀[38;2;41;142;174m[48;2;29;100;144m▀[38;2;150;138;60m[48;2;150;138;60m▀[38;2;29;101;145m[48;2;150;138;60m▀[38;2;76;220;139m[48;2;29;102;145m▀[38;2;76;220;139m[48;2;76;220;139m▀[38;2;76;221;140m[48;2;76;221;140m▀[38;2;77;222;140m[48;2;77;222;140m▀[38;2;77;222;141m[48;2;77;222;141m▀[38;2;77;223;141m[48;2;77;223;141m▀[38;2;29;103;147m[48;2;29;103;147m▀[38;2;29;103;147m[48;2;29;103;147m▀[38;2;29;103;147m[48;2;29;103;147m▀[38;2;29;103;147m[48;2;29;103;147m▀[38;2;29;103;147m[48;2;29;103;147m▀[38;2;41;142;175m[48;2;41;142;175m▀[38;2;77;223;141m[48;2;77;223;141m▀[38;2;29;103;147m[48;2;29;103;147m▀[38;2;29;103;147m[48;2;29;103;147m▀[38;2;29;103;147m[48;2;29;103;147m▀[38;2;29;103;147m[48;2;29;103;146m▀[38;2;29;102;146m[48;2;29;102;146m▀[38;2;29;102;146m[48;2;29;102;146m▀[38;2;29;102;145m[48;2;29;102;145m▀[38;2;29;101;145m[48;2;29;101;145m▀[38;2;29;101;144m[48;2;29;101;144m▀[38;2;29;101;144m[48;2;29;100;144m▀[38;2;150;138;60m[48;2;28;100;143m▀[38;2;150;138;60m[48;2;150;138;60m▀[38;2;28;99;142m[48;2;28;99;142m▀[38;2;41;142;174m[48;2;41;142;174m▀[38;2;28;97;140m[48;2;41;142;174m▀[38;2;27;97;139m[48;2;27;97;139m▀[38;2;27;96;138m[48;2;27;96;138m▀[38;2;27;95;137m[48;2;27;95;137m▀[38;2;26;94;135m[48;2;26;94;135m▀[38;2;26;92;134m[48;2;26;92;134m▀[38;2;26;91;132m[48;2;26;91;132m▀[38;2;25;90;130m[48;2;25;90;130m▀[38;2;25;88;128m[48;2;25;88;128m▀[38;2;24;86;126m[48;2;24;86;126m▀[38;2;40;140;171m[48;2;40;140;171m▀[38;2;23;81;120m[48;2;23;81;120m▀[38;2;22;78;116m[48;2;22;78;116m▀[38;2;20;72;109m[48;2;40;138;169m▀[0m
[38;2;43;147;92m[48;2;41;144;90m▀[38;2;40;139;170m[48;2;21;77;115m▀[38;2;23;81;120m[48;2;40;139;170m▀[38;2;23;84;123m[48;2;40;139;171m▀[38;2;24;86;126m[48;2;24;86;125m▀[38;2;41;140;172m[48;2;41;140;172m▀[38;2;25;89;130m[48;2;25;89;130m▀[38;2;26;91;132m[48;2;26;91;132m▀[38;2;26;92;134m[48;2;26;92;133m▀[38;2;26;93;135m[48;2;26;93;135m▀[38;2;27;95;136m[48;2;27;94;136m▀[38;2;27;96;138m[48;2;27;95;137m▀[38;2;70;207;131m[48;2;27;96;139m▀[38;2;28;97;140m[48;2;71;208;132m▀[38;2;28;98;141m[48;2;28;98;141m▀[38;2;28;99;142m[48;2;28;99;141m▀[38;2;28;99;142m[48;2;28;99;142m▀[38;2;41;142;174m[48;2;41;142;174m▀[38;2;29;100;144m[48;2;29;100;144m▀[38;2;29;101;144m[48;2;29;101;144m▀[38;2;150;138;60m[48;2;29;101;145m▀[38;2;29;102;145m[48;2;150;138;60m▀[38;2;76;220;139m[48;2;29;102;146m▀[38;2;29;102;146m[48;2;29;102;146m▀[38;2;77;221;140m[48;2;29;102;146m▀[38;2;77;222;140m[48;2;77;222;140m▀[38;2;77;222;141m[48;2;77;222;141m▀[38;2;29;103;147m[48;2;29;103;147m▀[38;2;29;103;147m[48;2;29;103;147m▀[38;2;29;103;147m[48;2;29;103;147m▀[38;2;29;103;147m[48;2;29;103;147m▀[38;2;29;103;147m[48;2;29;103;147m▀[38;2;41;142;175m[48;2;41;142;175m▀[38;2;41;142;175m[48;2;41;142;175m▀[38;2;29;103;147m[48;2;29;103;147m▀[38;2;77;222;141m[48;2;29;103;147m▀[38;2;29;103;147m[48;2;29;103;146m▀[38;2;29;103;146m[48;2;29;102;146m▀[38;2;29;102;146m[48;2;29;102;146m▀[38;2;29;102;146m[48;2;29;102;146m▀[38;2;29;102;145m[48;2;29;102;145m▀[38;2;29;101;145m[48;2;29;101;145m▀[38;2;29;101;144m[48;2;29;101;144m▀[38;2;29;100;144m[48;2;29;100;144m▀[38;2;28;100;143m[48;2;28;100;143m▀[38;2;240;222;96m[48;2;240;222;96m▀[38;2;28;99;142m[48;2;28;99;141m▀[38;2;41;142;174m[48;2;28;98;141m▀[38;2;41;142;174m[48;2;41;142;174m▀[38;2;27;96;139m[48;2;27;96;139m▀[38;2;27;96;138m[48;2;27;95;137m▀[38;2;27;95;136m[48;2;27;94;136m▀[38;2;26;93;135m[48;2;26;93;135m▀[38;2;26;92;134m[48;2;26;92;133m▀[38;2;26;91;132m[48;2;26;91;132m▀[38;2;25;89;130m[48;2;25;89;130m▀[38;2;25;88;128m[48;2;25;88;128m▀[38;2;24;86;126m[48;2;24;86;125m▀[38;2;23;84;123m[48;2;40;139;171m▀[38;2;23;81;120m[48;2;40;139;170m▀[38;2;40;139;170m[48;2;21;77;115m▀[38;2;20;71;108m[48;2;19;70;106m▀[0m
[38;2;39;138;86m[48;2;0;0;0m▀[38;2;21;76;114m[48;2;21;75;112m▀[38;2;22;80;118m[48;2;22;79;118m▀[38;2;40;139;171m[48;2;23;82;121m▀[38;2;41;140;171m[48;2;24;85;124m▀[38;2;41;140;172m[48;2;41;140;172m▀[38;2;25;89;130m[48;2;41;140;172m▀[38;2;25;90;131m[48;2;41;141;172m▀[38;2;26;92;133m[48;2;41;141;172m▀[38;2;26;93;135m[48;2;26;93;134m▀[38;2;27;94;136m[48;2;27;94;136m▀[38;2;27;95;137m[48;2;27;95;137m▀[38;2;27;96;138m[48;2;27;96;138m▀[38;2;27;97;139m[48;2;27;97;139m▀[38;2;28;98;140m[48;2;28;97;140m▀[38;2;28;98;141m[48;2;28;98;141m▀[38;2;28;99;142m[48;2;28;99;142m▀[38;2;41;142;174m[48;2;41;142;174m▀[38;2;28;100;143m[48;2;28;100;143m▀[38;2;29;101;144m[48;2;29;100;144m▀[38;2;29;101;144m[48;2;29;101;144m▀[38;2;150;138;60m[48;2;29;101;145m▀[38;2;240;222;96m[48;2;240;222;96m▀[38;2;29;102;146m[48;2;240;222;96m▀[38;2;29;102;146m[48;2;29;102;146m▀[38;2;29;102;146m[48;2;29;102;146m▀[38;2;29;103;146m[48;2;29;102;146m▀[38;2;29;103;147m[48;2;29;103;146m▀[38;2;29;103;147m[48;2;29;103;147m▀[38;2;29;103;147m[48;2;29;103;147m▀[38;2;29;103;147m[48;2;29;103;147m▀[38;2;29;103;147m[48;2;77;222;140m▀[38;2;41;142;175m[48;2;41;142;175m▀[38;2;41;142;175m[48;2;41;142;175m▀[38;2;29;103;147m[48;2;29;103;146m▀[38;2;77;222;140m[48;2;76;221;140m▀[38;2;29;102;146m[48;2;29;102;146m▀[38;2;29;102;146m[48;2;29;102;146m▀[38;2;29;102;146m[48;2;29;102;145m▀[38;2;29;102;145m[48;2;29;101;145m▀[38;2;29;101;145m[48;2;29;101;145m▀[38;2;29;101;144m[48;2;29;101;144m▀[38;2;29;101;144m[48;2;29;100;144m▀[38;2;28;100;143m[48;2;28;100;143m▀[38;2;28;100;143m[48;2;28;99;142m▀[38;2;240;222;96m[48;2;28;99;142m▀[38;2;240;222;96m[48;2;240;222;96m▀[38;2;28;98;140m[48;2;28;97;140m▀[38;2;41;142;173m[48;2;41;142;173m▀[38;2;27;96;138m[48;2;27;96;138m▀[38;2;27;95;137m[48;2;27;95;137m▀[38;2;27;94;136m[48;2;27;94;136m▀[38;2;26;93;135m[48;2;26;93;134m▀[38;2;26;92;133m[48;2;41;141;172m▀[38;2;25;90;131m[48;2;41;141;172m▀[38;2;25;89;130m[48;2;41;140;172m▀[38;2;41;140;172m[48;2;41;140;172m▀[38;2;41;140;171m[48;2;24;85;124m▀[38;2;40;139;171m[48;2;23;82;121m▀[38;2;22;80;118m[48;2;22;79;118m▀[38;2;21;76;114m[48;2;21;75;112m▀[38;2;18;68;103m[48;2;0;0;0m▀[0m
 [38;2;20;73;110m[48;2;43;146;92m▀[38;2;22;78;116m[48;2;21;77;115m▀[38;2;23;82;120m[48;2;22;81;119m▀[38;2;24;84;124m[48;2;23;83;123m▀[38;2;41;140;171m[48;2;41;140;171m▀[38;2;25;88;128m[48;2;25;87;128m▀[38;2;25;90;130m[48;2;25;89;130m▀[38;2;41;141;172m[48;2;25;90;131m▀[38;2;41;141;173m[48;2;26;92;133m▀[38;2;41;141;173m[48;2;26;93;134m▀[38;2;41;141;173m[48;2;27;94;136m▀[38;2;41;141;173m[48;2;41;141;173m▀[38;2;27;96;139m[48;2;41;141;173m▀[38;2;27;97;139m[48;2;41;142;173m▀[38;2;28;98;140m[48;2;41;142;174m▀[38;2;28;98;141m[48;2;41;142;174m▀[38;2;41;142;174m[48;2;41;142;174m▀[38;2;28;100;143m[48;2;41;142;174m▀[38;2;28;100;143m[48;2;41;142;174m▀[38;2;29;100;144m[48;2;28;100;143m▀[38;2;75;217;137m[48;2;29;100;144m▀[38;2;29;101;145m[48;2;75;217;137m▀[38;2;240;222;96m[48;2;75;218;138m▀[38;2;255;92;92m[48;2;255;92;92m▀[38;2;29;102;146m[48;2;29;102;145m▀[38;2;29;102;146m[48;2;29;102;145m▀[38;2;29;102;146m[48;2;29;102;146m▀[38;2;29;102;146m[48;2;76;220;139m▀[38;2;29;103;146m[48;2;76;220;139m▀[38;2;76;221;140m[48;2;76;220;140m▀[38;2;76;221;140m[48;2;76;220;140m▀[38;2;76;221;140m[48;2;41;142;174m▀[38;2;41;142;174m[48;2;41;142;174m▀[38;2;29;102;146m[48;2;29;102;146m▀[38;2;29;102;146m[48;2;29;102;145m▀[38;2;29;102;146m[48;2;29;102;145m▀[38;2;29;102;145m[48;2;75;219;138m▀[38;2;29;101;145m[48;2;29;101;145m▀[38;2;29;101;145m[48;2;29;101;144m▀[38;2;29;101;144m[48;2;29;100;144m▀[38;2;29;100;144m[48;2;28;100;143m▀[38;2;28;100;143m[48;2;41;142;174m▀[38;2;28;100;143m[48;2;41;142;174m▀[38;2;28;99;142m[48;2;41;142;174m▀[38;2;28;98;141m[48;2;41;142;174m▀[38;2;240;222;96m[48;2;150;138;60m▀[38;2;27;97;139m[48;2;41;142;173m▀[38;2;41;141;173m[48;2;41;141;173m▀[38;2;41;141;173m[48;2;41;141;173m▀[38;2;41;141;173m[48;2;27;94;136m▀[38;2;41;141;173m[48;2;26;93;134m▀[38;2;41;141;173m[48;2;26;92;133m▀[38;2;41;141;172m[48;2;25;90;131m▀[38;2;25;90;130m[48;2;25;89;130m▀[38;2;25;88;128m[48;2;25;87;128m▀[38;2;24;86;126m[48;2;24;86;125m▀[38;2;24;84;124m[48;2;23;83;123m▀[38;2;40;139;171m[48;2;40;139;170m▀[38;2;22;78;116m[48;2;21;77;115m▀[38;2;20;73;110m[48;2;20;71;108m▀ [0m
 [38;2;37;134;84m[48;2;0;0;0m▀[38;2;21;75;113m[48;2;20;73;110m▀[38;2;22;79;118m[48;2;22;78;116m▀[38;2;23;82;122m[48;2;23;81;120m▀[38;2;41;140;171m[48;2;40;140;171m▀[38;2;24;87;127m[48;2;24;86;126m▀[38;2;25;88;129m[48;2;25;88;128m▀[38;2;25;90;131m[48;2;25;89;130m▀[38;2;26;91;132m[48;2;26;91;132m▀[38;2;26;92;134m[48;2;26;92;133m▀[38;2;26;93;135m[48;2;26;93;134m▀[38;2;27;94;136m[48;2;27;94;136m▀[38;2;27;95;137m[48;2;27;95;137m▀[38;2;27;96;138m[48;2;27;96;138m▀[38;2;27;97;139m[48;2;27;96;139m▀[38;2;28;98;140m[48;2;28;97;140m▀[38;2;41;142;174m[48;2;41;142;174m▀[38;2;41;142;174m[48;2;28;98;141m▀[38;2;41;142;174m[48;2;28;99;142m▀[38;2;41;142;174m[48;2;28;99;142m▀[38;2;41;142;174m[48;2;28;100;143m▀[38;2;74;216;137m[48;2;28;100;143m▀[38;2;75;217;137m[48;2;74;216;137m▀[38;2;75;218;138m[48;2;74;217;137m▀[38;2;41;142;174m[48;2;75;217;137m▀[38;2;41;142;174m[48;2;29;101;144m▀[38;2;75;219;139m[48;2;29;101;145m▀[38;2;76;219;139m[48;2;75;218;138m▀[38;2;76;220;139m[48;2;75;218;138m▀[38;2;76;220;139m[48;2;75;219;138m▀[38;2;76;220;139m[48;2;75;219;138m▀[38;2;41;142;174m[48;2;41;142;174m▀[38;2;76;219;139m[48;2;75;218;138m▀[38;2;41;142;174m[48;2;29;101;145m▀[38;2;41;142;174m[48;2;29;101;144m▀[38;2;41;142;174m[48;2;29;101;144m▀[38;2;41;142;174m[48;2;29;101;144m▀[38;2;75;217;137m[48;2;29;100;144m▀[38;2;41;142;174m[48;2;28;100;143m▀[38;2;41;142;174m[48;2;73;214;136m▀[38;2;41;142;174m[48;2;28;99;142m▀[38;2;41;142;174m[48;2;72;212;134m▀[38;2;41;142;174m[48;2;72;211;133m▀[38;2;28;98;141m[48;2;71;210;133m▀[38;2;28;98;140m[48;2;71;208;132m▀[38;2;150;138;60m[48;2;150;138;60m▀[38;2;27;96;138m[48;2;27;96;138m▀[38;2;41;141;173m[48;2;68;203;128m▀[38;2;27;94;136m[48;2;27;94;136m▀[38;2;26;93;135m[48;2;66;198;125m▀[38;2;26;92;134m[48;2;26;92;133m▀[38;2;26;91;132m[48;2;26;91;132m▀[38;2;25;90;131m[48;2;25;89;130m▀[38;2;25;88;129m[48;2;25;88;128m▀[38;2;24;87;127m[48;2;24;86;126m▀[38;2;24;85;124m[48;2;23;84;123m▀[38;2;23;82;122m[48;2;23;81;120m▀[38;2;40;139;170m[48;2;22;78;116m▀[38;2;21;75;113m[48;2;20;73;110m▀[38;2;18;66;101m[48;2;0;0;0m▀ [0m
  [38;2;19;70;106m[48;2;0;0;0m▀[38;2;48;158;100m[48;2;45;153;96m▀[38;2;22;80;118m[48;2;22;78;116m▀[38;2;23;83;122m[48;2;23;81;120m▀[38;2;24;85;125m[48;2;40;140;171m▀[38;2;24;87;127m[48;2;24;86;126m▀[38;2;25;88;129m[48;2;25;87;128m▀[38;2;25;90;131m[48;2;25;89;130m▀[38;2;26;91;132m[48;2;25;90;131m▀[38;2;26;92;134m[48;2;26;91;133m▀[38;2;26;93;135m[48;2;26;93;134m▀[38;2;27;94;136m[48;2;26;93;135m▀[38;2;27;95;137m[48;2;27;94;136m▀[38;2;27;96;138m[48;2;27;95;137m▀[38;2;27;97;139m[48;2;27;96;138m▀[38;2;41;142;174m[48;2;41;142;173m▀[38;2;28;98;140m[48;2;28;97;140m▀[38;2;28;98;141m[48;2;28;98;140m▀[38;2;28;99;142m[48;2;28;98;141m▀[38;2;28;99;142m[48;2;28;99;141m▀[38;2;28;100;143m[48;2;28;99;142m▀[38;2;28;100;143m[48;2;28;99;142m▀[38;2;74;215;136m[48;2;28;100;143m▀[38;2;74;216;137m[48;2;28;100;143m▀[38;2;29;101;144m[48;2;74;215;136m▀[38;2;29;101;144m[48;2;28;100;143m▀[38;2;29;101;144m[48;2;29;100;144m▀[38;2;29;101;144m[48;2;29;100;144m▀[38;2;29;101;144m[48;2;29;100;144m▀[38;2;29;101;144m[48;2;29;100;144m▀[38;2;41;142;174m[48;2;41;142;174m▀[38;2;41;142;174m[48;2;41;142;174m▀[38;2;29;101;144m[48;2;28;100;143m▀[38;2;29;101;144m[48;2;28;100;143m▀[38;2;29;100;144m[48;2;28;100;143m▀[38;2;28;100;143m[48;2;28;100;143m▀[38;2;28;100;143m[48;2;28;99;142m▀[38;2;28;100;143m[48;2;28;99;142m▀[38;2;28;99;142m[48;2;28;99;141m▀[38;2;28;99;142m[48;2;28;98;141m▀[38;2;28;98;141m[48;2;28;98;140m▀[38;2;71;210;133m[48;2;71;208;132m▀[38;2;71;208;132m[48;2;70;207;131m▀[38;2;70;207;131m[48;2;27;96;138m▀[38;2;240;222;96m[48;2;69;204;129m▀[38;2;27;95;137m[48;2;240;222;96m▀[38;2;41;141;173m[48;2;67;200;126m▀[38;2;26;93;135m[48;2;26;93;134m▀[38;2;26;92;134m[48;2;26;91;133m▀[38;2;26;91;132m[48;2;25;90;131m▀[38;2;63;191;120m[48;2;25;89;130m▀[38;2;25;88;129m[48;2;25;87;128m▀[38;2;24;87;127m[48;2;24;86;126m▀[38;2;24;85;125m[48;2;23;84;123m▀[38;2;23;83;122m[48;2;23;81;120m▀[38;2;22;80;118m[48;2;40;139;170m▀[38;2;21;76;114m[48;2;20;74;111m▀[38;2;19;70;106m[48;2;0;0;0m▀  [0m
   [38;2;19;70;106m[48;2;0;0;0m▀[38;2;21;76;114m[48;2;45;151;94m▀[38;2;22;80;118m[48;2;22;78;116m▀[38;2;40;139;171m[48;2;40;139;170m▀[38;2;24;84;124m[48;2;23;83;122m▀[38;2;24;86;126m[48;2;24;85;125m▀[38;2;25;88;128m[48;2;24;87;127m▀[38;2;25;89;130m[48;2;25;88;129m▀[38;2;26;91;132m[48;2;25;90;130m▀[38;2;26;92;133m[48;2;26;91;132m▀[38;2;26;93;134m[48;2;26;92;133m▀[38;2;26;94;135m[48;2;26;93;134m▀[38;2;27;94;136m[48;2;26;94;135m▀[38;2;27;95;137m[48;2;27;94;136m▀[38;2;41;141;173m[48;2;41;141;173m▀[38;2;27;96;139m[48;2;27;96;138m▀[38;2;28;97;140m[48;2;27;96;139m▀[38;2;28;97;140m[48;2;27;97;139m▀[38;2;28;98;141m[48;2;28;97;140m▀[38;2;28;98;141m[48;2;28;98;140m▀[38;2;28;99;142m[48;2;28;98;141m▀[38;2;28;99;142m[48;2;28;98;141m▀[38;2;28;99;142m[48;2;28;99;141m▀[38;2;28;99;142m[48;2;28;99;142m▀[38;2;28;100;143m[48;2;28;99;142m▀[38;2;28;100;143m[48;2;28;99;142m▀[38;2;28;100;143m[48;2;28;99;142m▀[38;2;28;100;143m[48;2;28;99;142m▀[38;2;74;215;136m[48;2;28;99;142m▀[38;2;74;215;136m[48;2;41;142;174m▀[38;2;73;214;136m[48;2;41;142;174m▀[38;2;73;214;135m[48;2;28;99;142m▀[38;2;28;99;142m[48;2;28;99;142m▀[38;2;73;213;135m[48;2;28;99;141m▀[38;2;28;99;142m[48;2;28;98;141m▀[38;2;28;99;142m[48;2;72;210;133m▀[38;2;28;98;141m[48;2;71;210;132m▀[38;2;28;98;141m[48;2;28;97;140m▀[38;2;28;97;140m[48;2;70;207;131m▀[38;2;28;97;140m[48;2;27;96;139m▀[38;2;27;96;139m[48;2;27;96;138m▀[38;2;27;96;138m[48;2;68;203;129m▀[38;2;27;95;137m[48;2;27;94;136m▀[38;2;27;94;136m[48;2;26;94;135m▀[38;2;240;222;96m[48;2;240;222;96m▀[38;2;41;141;173m[48;2;26;92;133m▀[38;2;26;92;133m[48;2;26;91;132m▀[38;2;26;91;132m[48;2;25;90;130m▀[38;2;25;89;130m[48;2;25;88;129m▀[38;2;25;88;128m[48;2;24;87;127m▀[38;2;24;86;126m[48;2;24;85;125m▀[38;2;24;84;124m[48;2;23;83;122m▀[38;2;23;82;121m[48;2;22;81;119m▀[38;2;22;80;118m[48;2;22;78;116m▀[38;2;21;76;114m[48;2;20;73;110m▀[38;2;19;70;106m[48;2;0;0;0m▀   [0m
    [38;2;40;137;168m[48;2;0;0;0m▀[38;2;21;75;112m[48;2;40;138;168m▀[38;2;22;79;117m[48;2;21;76;114m▀[38;2;23;81;120m[48;2;40;139;170m▀[38;2;23;84;123m[48;2;23;82;121m▀[38;2;24;85;125m[48;2;23;84;123m▀[38;2;24;87;127m[48;2;24;86;126m▀[38;2;25;88;129m[48;2;24;87;127m▀[38;2;25;90;131m[48;2;25;89;129m▀[38;2;26;91;132m[48;2;25;90;130m▀[38;2;26;92;133m[48;2;26;91;132m▀[38;2;26;93;134m[48;2;26;92;133m▀[38;2;26;93;135m[48;2;26;92;134m▀[38;2;41;141;173m[48;2;41;141;173m▀[38;2;27;95;137m[48;2;41;141;173m▀[38;2;27;95;138m[48;2;27;95;136m▀[38;2;27;96;138m[48;2;27;95;137m▀[38;2;27;96;139m[48;2;27;96;138m▀[38;2;27;97;139m[48;2;27;96;138m▀[38;2;28;97;140m[48;2;27;96;139m▀[38;2;28;98;140m[48;2;27;97;139m▀[38;2;28;98;140m[48;2;27;97;139m▀[38;2;28;98;141m[48;2;28;97;140m▀[38;2;28;98;141m[48;2;28;97;140m▀[38;2;28;98;141m[48;2;28;98;140m▀[38;2;28;98;141m[48;2;28;98;140m▀[38;2;28;98;141m[48;2;28;98;140m▀[38;2;28;98;141m[48;2;28;98;140m▀[38;2;41;142;174m[48;2;41;142;174m▀[38;2;41;142;174m[48;2;41;142;174m▀[38;2;28;98;141m[48;2;28;97;140m▀[38;2;28;98;141m[48;2;71;208;132m▀[38;2;28;98;140m[48;2;70;208;131m▀[38;2;28;98;140m[48;2;70;207;131m▀[38;2;71;209;132m[48;2;70;207;131m▀[38;2;70;208;131m[48;2;69;206;130m▀[38;2;70;207;131m[48;2;69;205;129m▀[38;2;27;96;138m[48;2;68;203;129m▀[38;2;27;95;138m[48;2;68;202;128m▀[38;2;27;95;137m[48;2;67;201;127m▀[38;2;67;201;127m[48;2;66;199;126m▀[38;2;67;200;126m[48;2;66;197;125m▀[38;2;150;138;60m[48;2;150;138;60m▀[38;2;240;222;96m[48;2;41;141;172m▀[38;2;26;91;132m[48;2;25;90;130m▀[38;2;25;90;131m[48;2;25;89;129m▀[38;2;25;88;129m[48;2;24;87;127m▀[38;2;24;87;127m[48;2;24;86;126m▀[38;2;24;85;125m[48;2;23;84;123m▀[38;2;23;84;123m[48;2;23;82;121m▀[38;2;23;81;120m[48;2;22;79;118m▀[38;2;22;79;117m[48;2;21;76;114m▀[38;2;40;138;169m[48;2;40;138;168m▀[38;2;40;137;168m[48;2;0;0;0m▀    [0m
      [38;2;40;138;169m[48;2;0;0;0m▀[38;2;21;77;114m[48;2;20;73;110m▀[38;2;22;80;118m[48;2;40;139;170m▀[38;2;23;82;121m[48;2;40;139;170m▀[38;2;24;84;124m[48;2;23;82;121m▀[38;2;24;86;126m[48;2;23;84;123m▀[38;2;24;87;127m[48;2;24;86;125m▀[38;2;25;88;129m[48;2;24;87;127m▀[38;2;25;90;130m[48;2;25;88;129m▀[38;2;25;90;131m[48;2;25;89;130m▀[38;2;26;91;133m[48;2;25;90;131m▀[38;2;26;92;134m[48;2;26;91;132m▀[38;2;41;141;173m[48;2;41;141;172m▀[38;2;26;94;135m[48;2;26;92;134m▀[38;2;27;94;136m[48;2;26;93;135m▀[38;2;27;95;137m[48;2;26;94;135m▀[38;2;27;95;137m[48;2;27;94;136m▀[38;2;27;95;138m[48;2;27;94;136m▀[38;2;27;96;138m[48;2;27;95;137m▀[38;2;27;96;138m[48;2;27;95;137m▀[38;2;27;96;139m[48;2;27;95;137m▀[38;2;27;96;139m[48;2;27;96;138m▀[38;2;27;97;139m[48;2;27;96;138m▀[38;2;27;97;139m[48;2;27;96;138m▀[38;2;27;97;139m[48;2;27;96;138m▀[38;2;27;97;139m[48;2;27;96;138m▀[38;2;41;142;173m[48;2;69;205;130m▀[38;2;41;142;173m[48;2;69;205;129m▀[38;2;70;207;131m[48;2;69;204;129m▀[38;2;70;206;130m[48;2;69;204;129m▀[38;2;70;206;130m[48;2;68;203;129m▀[38;2;69;205;130m[48;2;68;203;128m▀[38;2;69;204;129m[48;2;68;202;128m▀[38;2;68;203;129m[48;2;67;201;127m▀[38;2;68;202;128m[48;2;67;200;126m▀[38;2;67;201;127m[48;2;66;198;125m▀[38;2;67;200;126m[48;2;66;197;124m▀[38;2;66;198;125m[48;2;65;195;123m▀[38;2;65;197;124m[48;2;64;194;122m▀[38;2;64;195;123m[48;2;63;192;121m▀[38;2;150;138;60m[48;2;240;222;96m▀[38;2;41;141;172m[48;2;61;187;118m▀[38;2;25;88;129m[48;2;24;87;127m▀[38;2;24;87;127m[48;2;24;86;125m▀[38;2;24;86;126m[48;2;23;84;123m▀[38;2;24;84;124m[48;2;23;82;121m▀[38;2;23;82;121m[48;2;40;139;170m▀[38;2;22;80;118m[48;2;40;139;170m▀[38;2;21;77;114m[48;2;40;138;169m▀[38;2;40;138;169m[48;2;0;0;0m▀      [0m
        [38;2;20;73;110m[48;2;0;0;0m▀[38;2;40;139;170m[48;2;20;73;109m▀[38;2;40;139;170m[48;2;21;77;114m▀[38;2;40;139;171m[48;2;22;79;118m▀[38;2;40;140;171m[48;2;23;81;120m▀[38;2;24;85;125m[48;2;23;83;123m▀[38;2;24;87;127m[48;2;41;140;171m▀[38;2;25;88;128m[48;2;41;140;171m▀[38;2;25;89;129m[48;2;41;140;172m▀[38;2;25;90;130m[48;2;41;140;172m▀[38;2;41;141;172m[48;2;25;89;130m▀[38;2;26;91;132m[48;2;41;141;172m▀[38;2;26;92;133m[48;2;25;90;131m▀[38;2;26;92;134m[48;2;26;91;132m▀[38;2;26;93;134m[48;2;26;92;133m▀[38;2;26;93;135m[48;2;26;92;133m▀[38;2;26;94;135m[48;2;26;92;134m▀[38;2;27;94;136m[48;2;26;93;134m▀[38;2;27;94;136m[48;2;26;93;135m▀[38;2;27;94;136m[48;2;26;93;135m▀[38;2;27;95;137m[48;2;26;93;135m▀[38;2;27;95;137m[48;2;26;93;135m▀[38;2;68;203;128m[48;2;67;200;126m▀[38;2;68;203;128m[48;2;67;200;126m▀[38;2;68;202;128m[48;2;67;200;126m▀[38;2;68;202;128m[48;2;67;199;126m▀[38;2;68;202;128m[48;2;66;199;126m▀[38;2;67;201;127m[48;2;66;198;125m▀[38;2;67;201;127m[48;2;66;198;125m▀[38;2;67;200;126m[48;2;66;197;124m▀[38;2;66;199;126m[48;2;65;196;124m▀[38;2;66;198;125m[48;2;65;195;123m▀[38;2;65;197;124m[48;2;64;194;122m▀[38;2;65;196;123m[48;2;63;192;121m▀[38;2;64;194;123m[48;2;63;191;120m▀[38;2;63;192;121m[48;2;62;189;119m▀[38;2;63;190;120m[48;2;61;187;118m▀[38;2;62;188;119m[48;2;60;184;116m▀[38;2;240;222;96m[48;2;240;222;96m▀[38;2;59;183;115m[48;2;41;140;171m▀[38;2;24;85;125m[48;2;23;83;123m▀[38;2;40;140;171m[48;2;23;81;120m▀[38;2;40;139;171m[48;2;22;79;118m▀[38;2;40;139;170m[48;2;21;77;114m▀[38;2;21;77;115m[48;2;20;73;109m▀[38;2;20;73;110m[48;2;0;0;0m▀        [0m
          [38;2;20;72;108m[48;2;0;0;0m▀[38;2;21;76;114m[48;2;19;70;106m▀[38;2;22;79;117m[48;2;21;75;112m▀[38;2;23;81;120m[48;2;22;78;116m▀[38;2;23;83;122m[48;2;22;80;118m▀[38;2;24;84;124m[48;2;23;82;121m▀[38;2;24;85;125m[48;2;23;83;122m▀[38;2;24;86;126m[48;2;24;84;124m▀[38;2;25;87;128m[48;2;24;85;125m▀[38;2;41;140;172m[48;2;41;140;171m▀[38;2;41;140;172m[48;2;24;87;127m▀[38;2;41;141;172m[48;2;25;88;128m▀[38;2;41;141;172m[48;2;25;88;129m▀[38;2;41;141;172m[48;2;25;89;130m▀[38;2;41;141;172m[48;2;25;89;130m▀[38;2;41;141;172m[48;2;25;90;131m▀[38;2;41;141;172m[48;2;25;90;131m▀[38;2;41;141;172m[48;2;25;90;131m▀[38;2;41;141;172m[48;2;26;91;132m▀[38;2;41;141;173m[48;2;26;91;132m▀[38;2;41;141;173m[48;2;26;91;132m▀[38;2;65;197;124m[48;2;64;193;122m▀[38;2;65;196;124m[48;2;64;193;122m▀[38;2;65;196;124m[48;2;64;193;122m▀[38;2;65;196;124m[48;2;63;192;121m▀[38;2;65;195;123m[48;2;63;192;121m▀[38;2;64;195;123m[48;2;25;90;131m▀[38;2;64;194;122m[48;2;25;89;130m▀[38;2;64;193;122m[48;2;25;89;130m▀[38;2;63;192;121m[48;2;61;188;118m▀[38;2;62;190;120m[48;2;61;186;117m▀[38;2;62;189;119m[48;2;60;184;116m▀[38;2;61;187;118m[48;2;59;182;115m▀[38;2;60;185;117m[48;2;58;180;114m▀[38;2;59;183;115m[48;2;57;178;112m▀[38;2;255;92;92m[48;2;255;92;92m▀[38;2;240;222;96m[48;2;23;82;121m▀[38;2;23;83;122m[48;2;22;80;118m▀[38;2;23;81;120m[48;2;22;78;116m▀[38;2;22;79;117m[48;2;21;75;112m▀[38;2;21;76;114m[48;2;19;70;106m▀[38;2;43;148;92m[48;2;0;0;0m▀          [0m
             [38;2;20;73;110m[48;2;0;0;0m▀[38;2;21;76;114m[48;2;40;137;168m▀[38;2;22;78;117m[48;2;20;74;111m▀[38;2;22;80;119m[48;2;21;77;114m▀[38;2;23;82;121m[48;2;22;79;117m▀[38;2;23;83;122m[48;2;22;80;119m▀[38;2;24;84;124m[48;2;23;81;120m▀[38;2;41;140;171m[48;2;40;139;171m▀[38;2;24;86;126m[48;2;23;83;123m▀[38;2;24;87;127m[48;2;24;84;124m▀[38;2;24;87;127m[48;2;24;85;125m▀[38;2;25;88;128m[48;2;24;86;125m▀[38;2;25;88;128m[48;2;24;86;126m▀[38;2;25;88;129m[48;2;24;86;126m▀[38;2;25;89;129m[48;2;24;87;127m▀[38;2;25;89;129m[48;2;24;87;127m▀[38;2;25;89;130m[48;2;24;87;127m▀[38;2;25;89;130m[48;2;24;87;127m▀[38;2;25;89;130m[48;2;24;87;127m▀[38;2;41;140;172m[48;2;41;140;172m▀[38;2;25;89;129m[48;2;24;87;127m▀[38;2;25;89;129m[48;2;24;87;127m▀[38;2;25;88;129m[48;2;24;86;126m▀[38;2;25;88;128m[48;2;24;86;126m▀[38;2;25;88;128m[48;2;24;86;125m▀[38;2;24;87;127m[48;2;24;85;125m▀[38;2;24;87;127m[48;2;24;84;124m▀[38;2;24;86;126m[48;2;23;83;123m▀[38;2;58;179;113m[48;2;23;83;122m▀[38;2;24;84;124m[48;2;54;171;108m▀[38;2;23;83;122m[48;2;40;139;170m▀[38;2;40;139;171m[48;2;22;79;117m▀[38;2;22;80;119m[48;2;21;77;114m▀[38;2;22;78;117m[48;2;20;74;111m▀[38;2;21;76;114m[48;2;19;69;105m▀[38;2;44;150;94m[48;2;0;0;0m▀             [0m
                [38;2;19;70;106m[48;2;0;0;0m▀[38;2;20;74;111m[48;2;0;0;0m▀[38;2;21;76;114m[48;2;19;68;104m▀[38;2;22;78;116m[48;2;20;72;109m▀[38;2;22;79;118m[48;2;21;75;112m▀[38;2;40;139;170m[48;2;21;77;114m▀[38;2;23;82;120m[48;2;40;139;170m▀[38;2;23;82;121m[48;2;22;79;117m▀[38;2;23;83;122m[48;2;22;80;118m▀[38;2;23;84;123m[48;2;22;80;119m▀[38;2;23;84;123m[48;2;23;81;120m▀[38;2;24;84;124m[48;2;23;81;120m▀[38;2;24;85;124m[48;2;23;82;121m▀[38;2;24;85;124m[48;2;23;82;121m▀[38;2;24;85;125m[48;2;23;82;121m▀[38;2;24;85;125m[48;2;23;82;121m▀[38;2;41;140;171m[48;2;40;139;171m▀[38;2;24;85;124m[48;2;23;82;121m▀[38;2;24;84;124m[48;2;23;81;120m▀[38;2;23;84;123m[48;2;23;81;120m▀[38;2;23;84;123m[48;2;22;80;119m▀[38;2;23;83;122m[48;2;22;80;118m▀[38;2;23;82;121m[48;2;22;79;117m▀[38;2;23;82;120m[48;2;22;78;116m▀[38;2;22;81;119m[48;2;21;77;114m▀[38;2;22;79;118m[48;2;40;138;169m▀[38;2;40;139;170m[48;2;20;72;109m▀[38;2;21;76;114m[48;2;19;68;104m▀[38;2;20;74;111m[48;2;0;0;0m▀[38;2;19;70;106m[48;2;0;0;0m▀                [0m
                     [38;2;40;137;168m[48;2;0;0;0m▀[38;2;20;72;109m[48;2;0;0;0m▀[38;2;40;138;169m[48;2;0;0;0m▀[38;2;21;75;113m[48;2;0;0;0m▀[38;2;21;76;114m[48;2;40;137;168m▀[38;2;21;77;115m[48;2;19;70;106m▀[38;2;22;78;116m[48;2;20;71;108m▀[38;2;22;78;116m[48;2;20;72;109m▀[38;2;22;78;116m[48;2;20;72;109m▀[38;2;22;78;117m[48;2;40;138;169m▀[38;2;22;78;117m[48;2;40;138;169m▀[38;2;40;139;170m[48;2;20;72;109m▀[38;2;22;78;116m[48;2;20;72;109m▀[38;2;22;78;116m[48;2;20;71;108m▀[38;2;21;77;115m[48;2;19;70;106m▀[38;2;21;76;114m[48;2;18;67;102m▀[38;2;21;75;113m[48;2;0;0;0m▀[38;2;20;74;111m[48;2;0;0;0m▀[38;2;20;72;109m[48;2;0;0;0m▀[38;2;40;137;168m[48;2;0;0;0m▀                     [0m

[欧洲 / 非洲]
                     [38;2;0;0;0m[48;2;19;69;105m▀[38;2;0;0;0m[48;2;20;72;109m▀[38;2;0;0;0m[48;2;46;153;96m▀[38;2;0;0;0m[48;2;47;156;98m▀[38;2;38;136;85m[48;2;48;159;100m▀[38;2;19;70;106m[48;2;49;160;101m▀[38;2;20;71;108m[48;2;22;78;116m▀[38;2;20;72;109m[48;2;22;78;116m▀[38;2;20;72;109m[48;2;22;78;116m▀[38;2;20;73;110m[48;2;51;164;103m▀[38;2;20;73;110m[48;2;51;164;103m▀[38;2;40;138;169m[48;2;22;78;116m▀[38;2;20;72;109m[48;2;22;78;116m▀[38;2;20;71;108m[48;2;22;78;116m▀[38;2;19;70;106m[48;2;21;77;115m▀[38;2;18;67;102m[48;2;21;76;114m▀[38;2;0;0;0m[48;2;21;75;113m▀[38;2;0;0;0m[48;2;20;74;111m▀[38;2;0;0;0m[48;2;20;72;109m▀[38;2;0;0;0m[48;2;40;141;88m▀                     [0m
                [38;2;0;0;0m[48;2;40;138;168m▀[38;2;0;0;0m[48;2;20;74;111m▀[38;2;39;139;87m[48;2;48;158;99m▀[38;2;44;149;94m[48;2;22;78;116m▀[38;2;47;155;97m[48;2;40;139;170m▀[38;2;21;77;114m[48;2;53;169;106m▀[38;2;22;78;116m[48;2;54;171;108m▀[38;2;22;79;117m[48;2;55;173;109m▀[38;2;52;167;105m[48;2;55;175;110m▀[38;2;53;169;106m[48;2;56;176;111m▀[38;2;53;170;107m[48;2;56;177;111m▀[38;2;54;171;108m[48;2;24;84;124m▀[38;2;23;82;121m[48;2;24;85;124m▀[38;2;23;82;121m[48;2;24;85;124m▀[38;2;23;82;121m[48;2;57;179;113m▀[38;2;23;82;121m[48;2;57;179;113m▀[38;2;23;82;121m[48;2;24;85;124m▀[38;2;23;82;121m[48;2;24;85;124m▀[38;2;23;81;120m[48;2;24;84;124m▀[38;2;23;81;120m[48;2;40;140;171m▀[38;2;22;80;119m[48;2;56;176;111m▀[38;2;22;80;118m[48;2;23;83;122m▀[38;2;51;165;104m[48;2;23;82;121m▀[38;2;50;162;102m[48;2;54;171;108m▀[38;2;48;159;100m[48;2;53;169;106m▀[38;2;47;155;97m[48;2;52;166;104m▀[38;2;44;149;94m[48;2;50;163;102m▀[38;2;39;139;87m[48;2;48;158;99m▀[38;2;0;0;0m[48;2;45;153;96m▀[38;2;0;0;0m[48;2;41;143;90m▀                [0m
             [38;2;0;0;0m[48;2;44;150;94m▀[38;2;19;69;105m[48;2;48;158;99m▀[38;2;46;153;96m[48;2;40;139;170m▀[38;2;21;77;114m[48;2;22;80;119m▀[38;2;22;79;117m[48;2;23;82;121m▀[38;2;22;80;119m[48;2;55;175;110m▀[38;2;54;171;108m[48;2;57;177;112m▀[38;2;55;174;109m[48;2;58;179;113m▀[38;2;56;176;111m[48;2;24;86;126m▀[38;2;57;178;112m[48;2;24;87;127m▀[38;2;58;179;113m[48;2;24;87;127m▀[38;2;58;181;114m[48;2;25;88;128m▀[38;2;24;86;126m[48;2;25;88;128m▀[38;2;24;86;126m[48;2;25;88;129m▀[38;2;24;87;127m[48;2;41;140;172m▀[38;2;24;87;127m[48;2;25;89;129m▀[38;2;24;87;127m[48;2;25;89;130m▀[38;2;24;87;127m[48;2;25;89;130m▀[38;2;24;87;127m[48;2;25;89;130m▀[38;2;41;140;172m[48;2;41;140;172m▀[38;2;24;87;127m[48;2;25;89;129m▀[38;2;24;87;127m[48;2;25;89;129m▀[38;2;24;86;126m[48;2;25;88;129m▀[38;2;24;86;126m[48;2;25;88;128m▀[38;2;24;86;125m[48;2;25;88;128m▀[38;2;58;179;113m[48;2;60;184;116m▀[38;2;57;178;112m[48;2;59;183;115m▀[38;2;56;176;111m[48;2;58;181;114m▀[38;2;55;174;109m[48;2;58;179;113m▀[38;2;54;171;108m[48;2;57;177;112m▀[38;2;52;168;106m[48;2;55;175;110m▀[38;2;51;164;103m[48;2;54;172;108m▀[38;2;48;159;100m[48;2;52;168;106m▀[38;2;46;153;96m[48;2;51;164;103m▀[38;2;41;142;89m[48;2;48;158;99m▀[38;2;0;0;0m[48;2;44;150;94m▀             [0m
          [38;2;0;0;0m[48;2;43;148;92m▀[38;2;41;143;89m[48;2;48;158;99m▀[38;2;46;155;97m[48;2;51;164;103m▀[38;2;50;162;102m[48;2;23;81;120m▀[38;2;40;139;170m[48;2;23;83;122m▀[38;2;23;82;121m[48;2;24;84;124m▀[38;2;40;139;171m[48;2;24;85;125m▀[38;2;57;178;112m[48;2;41;140;171m▀[38;2;24;85;125m[48;2;41;140;172m▀[38;2;24;86;126m[48;2;41;140;172m▀[38;2;41;140;172m[48;2;25;89;130m▀[38;2;25;88;128m[48;2;25;90;130m▀[38;2;61;188;118m[48;2;25;90;131m▀[38;2;25;89;130m[48;2;26;91;132m▀[38;2;25;89;130m[48;2;26;91;132m▀[38;2;25;90;131m[48;2;26;91;133m▀[38;2;25;90;131m[48;2;41;141;172m▀[38;2;25;90;131m[48;2;26;92;133m▀[38;2;26;91;132m[48;2;26;92;133m▀[38;2;26;91;132m[48;2;65;196;124m▀[38;2;64;193;122m[48;2;65;197;124m▀[38;2;64;193;122m[48;2;26;92;134m▀[38;2;64;193;122m[48;2;65;196;124m▀[38;2;64;193;122m[48;2;65;196;124m▀[38;2;63;192;121m[48;2;26;92;133m▀[38;2;25;90;131m[48;2;65;195;123m▀[38;2;63;191;120m[48;2;64;195;123m▀[38;2;62;190;120m[48;2;64;194;122m▀[38;2;62;189;119m[48;2;64;193;122m▀[38;2;61;188;118m[48;2;63;192;121m▀[38;2;61;186;117m[48;2;62;190;120m▀[38;2;60;184;116m[48;2;62;189;119m▀[38;2;59;182;115m[48;2;61;187;118m▀[38;2;58;180;114m[48;2;60;185;117m▀[38;2;57;178;112m[48;2;59;183;115m▀[38;2;55;175;110m[48;2;58;180;113m▀[38;2;54;171;108m[48;2;57;177;112m▀[38;2;52;167;105m[48;2;55;174;109m▀[38;2;50;162;102m[48;2;53;169;107m▀[38;2;46;155;97m[48;2;51;164;103m▀[38;2;150;138;60m[48;2;48;158;99m▀[38;2;240;222;96m[48;2;240;222;96m▀          [0m
        [38;2;240;222;96m[48;2;150;138;60m▀[38;2;240;222;96m[48;2;240;222;96m▀[38;2;240;222;96m[48;2;22;80;118m▀[38;2;150;138;60m[48;2;23;82;121m▀[38;2;150;138;60m[48;2;23;84;123m▀[38;2;240;222;96m[48;2;24;85;125m▀[38;2;240;222;96m[48;2;24;87;127m▀[38;2;240;222;96m[48;2;25;88;128m▀[38;2;150;138;60m[48;2;25;89;129m▀[38;2;150;138;60m[48;2;41;141;172m▀[38;2;240;222;96m[48;2;25;90;131m▀[38;2;240;222;96m[48;2;26;91;132m▀[38;2;240;222;96m[48;2;240;222;96m▀[38;2;41;141;172m[48;2;150;138;60m▀[38;2;41;141;172m[48;2;150;138;60m▀[38;2;41;141;172m[48;2;150;138;60m▀[38;2;41;141;173m[48;2;67;200;126m▀[38;2;26;93;134m[48;2;41;141;173m▀[38;2;26;93;135m[48;2;41;141;173m▀[38;2;66;199;126m[48;2;68;202;128m▀[38;2;67;199;126m[48;2;68;202;128m▀[38;2;67;200;126m[48;2;68;202;128m▀[38;2;26;94;135m[48;2;68;203;128m▀[38;2;67;200;126m[48;2;41;141;173m▀[38;2;67;200;126m[48;2;68;202;128m▀[38;2;67;199;126m[48;2;68;202;128m▀[38;2;66;199;126m[48;2;240;222;96m▀[38;2;66;198;125m[48;2;240;222;96m▀[38;2;66;198;125m[48;2;240;222;96m▀[38;2;66;197;124m[48;2;240;222;96m▀[38;2;65;196;124m[48;2;150;138;60m▀[38;2;65;195;123m[48;2;150;138;60m▀[38;2;64;194;122m[48;2;150;138;60m▀[38;2;63;192;121m[48;2;150;138;60m▀[38;2;63;191;120m[48;2;240;222;96m▀[38;2;62;189;119m[48;2;240;222;96m▀[38;2;61;187;118m[48;2;240;222;96m▀[38;2;60;184;116m[48;2;240;222;96m▀[38;2;59;182;115m[48;2;240;222;96m▀[38;2;57;179;113m[48;2;59;183;115m▀[38;2;56;175;110m[48;2;58;180;113m▀[38;2;54;171;108m[48;2;56;176;111m▀[38;2;52;166;104m[48;2;54;172;108m▀[38;2;49;159;100m[48;2;52;167;105m▀[38;2;240;222;96m[48;2;49;160;101m▀[38;2;240;222;96m[48;2;240;222;96m▀        [0m
      [38;2;0;0;0m[48;2;20;72;109m▀[38;2;255;92;92m[48;2;255;92;92m▀[38;2;21;77;115m[48;2;22;80;118m▀[38;2;22;80;118m[48;2;23;82;121m▀[38;2;23;82;121m[48;2;24;84;124m▀[38;2;23;84;123m[48;2;24;86;126m▀[38;2;24;86;125m[48;2;24;87;127m▀[38;2;24;87;127m[48;2;25;88;129m▀[38;2;25;88;129m[48;2;25;90;130m▀[38;2;25;89;130m[48;2;41;141;172m▀[38;2;41;141;172m[48;2;26;91;133m▀[38;2;26;91;132m[48;2;26;92;134m▀[38;2;26;92;133m[48;2;26;93;134m▀[38;2;26;92;134m[48;2;26;94;135m▀[38;2;26;93;135m[48;2;27;94;136m▀[38;2;26;94;135m[48;2;27;95;137m▀[38;2;27;94;136m[48;2;68;203;129m▀[38;2;240;222;96m[48;2;27;95;138m▀[38;2;240;222;96m[48;2;69;205;130m▀[38;2;240;222;96m[48;2;240;222;96m▀[38;2;240;222;96m[48;2;150;138;60m▀[38;2;69;204;129m[48;2;150;138;60m▀[38;2;27;96;138m[48;2;150;138;60m▀[38;2;150;138;60m[48;2;150;138;60m▀[38;2;150;138;60m[48;2;70;207;131m▀[38;2;240;222;96m[48;2;70;207;131m▀[38;2;240;222;96m[48;2;70;207;131m▀[38;2;240;222;96m[48;2;70;207;131m▀[38;2;240;222;96m[48;2;70;207;131m▀[38;2;69;204;129m[48;2;70;206;130m▀[38;2;68;203;129m[48;2;70;206;130m▀[38;2;68;203;128m[48;2;69;205;130m▀[38;2;68;202;128m[48;2;69;204;129m▀[38;2;67;201;127m[48;2;68;203;129m▀[38;2;67;200;126m[48;2;68;202;128m▀[38;2;66;198;125m[48;2;67;201;127m▀[38;2;66;197;124m[48;2;67;200;126m▀[38;2;65;195;123m[48;2;66;198;125m▀[38;2;64;194;122m[48;2;65;197;124m▀[38;2;63;192;121m[48;2;64;195;123m▀[38;2;240;222;96m[48;2;63;192;121m▀[38;2;240;222;96m[48;2;62;190;120m▀[38;2;150;138;60m[48;2;61;187;118m▀[38;2;150;138;60m[48;2;60;184;116m▀[38;2;150;138;60m[48;2;240;222;96m▀[38;2;54;173;109m[48;2;240;222;96m▀[38;2;52;167;105m[48;2;240;222;96m▀[38;2;49;160;101m[48;2;52;167;105m▀[38;2;255;92;92m[48;2;255;92;92m▀[38;2;0;0;0m[48;2;43;148;93m▀      [0m
    [38;2;0;0;0m[48;2;40;137;168m▀[38;2;19;70;106m[48;2;21;75;112m▀[38;2;21;76;114m[48;2;40;139;170m▀[38;2;22;79;118m[48;2;23;81;120m▀[38;2;23;82;121m[48;2;23;84;123m▀[38;2;23;84;123m[48;2;24;85;125m▀[38;2;24;86;126m[48;2;24;87;127m▀[38;2;24;87;127m[48;2;25;88;129m▀[38;2;25;89;129m[48;2;25;90;131m▀[38;2;25;90;130m[48;2;26;91;132m▀[38;2;41;141;172m[48;2;26;92;133m▀[38;2;26;92;133m[48;2;26;93;134m▀[38;2;26;92;134m[48;2;26;93;135m▀[38;2;26;93;135m[48;2;27;94;136m▀[38;2;27;94;136m[48;2;27;95;137m▀[38;2;27;95;136m[48;2;27;95;138m▀[38;2;27;95;137m[48;2;27;96;138m▀[38;2;27;96;138m[48;2;27;96;139m▀[38;2;27;96;138m[48;2;27;97;139m▀[38;2;27;96;139m[48;2;71;209;132m▀[38;2;255;92;92m[48;2;255;92;92m▀[38;2;240;222;96m[48;2;71;210;133m▀[38;2;240;222;96m[48;2;72;210;133m▀[38;2;240;222;96m[48;2;72;211;133m▀[38;2;255;92;92m[48;2;255;92;92m▀[38;2;150;138;60m[48;2;72;211;134m▀[38;2;150;138;60m[48;2;72;211;134m▀[38;2;150;138;60m[48;2;72;211;134m▀[38;2;150;138;60m[48;2;72;211;134m▀[38;2;150;138;60m[48;2;72;211;134m▀[38;2;240;222;96m[48;2;72;211;133m▀[38;2;240;222;96m[48;2;240;222;96m▀[38;2;70;208;131m[48;2;240;222;96m▀[38;2;70;207;131m[48;2;240;222;96m▀[38;2;70;207;131m[48;2;240;222;96m▀[38;2;69;206;130m[48;2;240;222;96m▀[38;2;69;205;129m[48;2;240;222;96m▀[38;2;68;203;129m[48;2;69;206;130m▀[38;2;68;202;128m[48;2;69;204;129m▀[38;2;67;201;127m[48;2;68;203;128m▀[38;2;66;199;126m[48;2;67;201;127m▀[38;2;66;197;125m[48;2;67;200;126m▀[38;2;65;195;123m[48;2;66;198;125m▀[38;2;64;193;122m[48;2;65;196;123m▀[38;2;63;191;120m[48;2;64;193;122m▀[38;2;61;188;118m[48;2;63;191;120m▀[38;2;60;185;116m[48;2;61;188;118m▀[38;2;58;181;114m[48;2;60;184;116m▀[38;2;56;177;111m[48;2;58;181;114m▀[38;2;240;222;96m[48;2;56;176;111m▀[38;2;240;222;96m[48;2;150;138;60m▀[38;2;48;158;99m[48;2;150;138;60m▀[38;2;42;144;90m[48;2;150;138;60m▀[38;2;0;0;0m[48;2;36;132;83m▀    [0m
   [38;2;0;0;0m[48;2;19;70;106m▀[38;2;40;138;169m[48;2;40;138;170m▀[38;2;40;139;170m[48;2;22;80;118m▀[38;2;22;81;119m[48;2;23;82;121m▀[38;2;23;83;122m[48;2;24;84;124m▀[38;2;24;85;125m[48;2;24;86;126m▀[38;2;24;87;127m[48;2;25;88;128m▀[38;2;25;88;129m[48;2;25;89;130m▀[38;2;25;90;130m[48;2;26;91;132m▀[38;2;26;91;132m[48;2;41;141;172m▀[38;2;41;141;172m[48;2;26;93;134m▀[38;2;26;93;134m[48;2;26;94;135m▀[38;2;26;94;135m[48;2;27;94;136m▀[38;2;27;94;136m[48;2;27;95;137m▀[38;2;27;95;137m[48;2;27;96;138m▀[38;2;27;96;138m[48;2;27;96;139m▀[38;2;27;96;139m[48;2;28;97;140m▀[38;2;27;97;139m[48;2;71;209;132m▀[38;2;28;97;140m[48;2;28;98;141m▀[38;2;28;98;140m[48;2;28;98;141m▀[38;2;72;210;133m[48;2;72;212;134m▀[38;2;72;211;133m[48;2;73;213;135m▀[38;2;72;212;134m[48;2;73;213;135m▀[38;2;72;212;134m[48;2;73;214;135m▀[38;2;73;213;134m[48;2;73;214;135m▀[38;2;73;213;135m[48;2;28;100;143m▀[38;2;73;213;135m[48;2;74;215;136m▀[38;2;73;213;135m[48;2;74;215;136m▀[38;2;73;213;135m[48;2;74;215;136m▀[38;2;73;213;135m[48;2;74;215;136m▀[38;2;73;213;135m[48;2;73;214;136m▀[38;2;73;213;134m[48;2;41;142;174m▀[38;2;72;212;134m[48;2;28;99;142m▀[38;2;72;212;134m[48;2;28;99;142m▀[38;2;28;98;141m[48;2;28;99;142m▀[38;2;72;210;133m[48;2;28;99;142m▀[38;2;71;210;132m[48;2;72;211;134m▀[38;2;71;209;132m[48;2;72;210;133m▀[38;2;150;138;60m[48;2;71;209;132m▀[38;2;150;138;60m[48;2;28;97;140m▀[38;2;150;138;60m[48;2;27;96;139m▀[38;2;150;138;60m[48;2;150;138;60m▀[38;2;68;202;127m[48;2;240;222;96m▀[38;2;67;200;126m[48;2;240;222;96m▀[38;2;66;198;125m[48;2;240;222;96m▀[38;2;65;196;123m[48;2;66;198;125m▀[38;2;64;193;122m[48;2;65;195;123m▀[38;2;63;190;120m[48;2;64;193;122m▀[38;2;61;187;118m[48;2;62;190;120m▀[38;2;59;184;116m[48;2;61;186;118m▀[38;2;58;180;113m[48;2;59;183;115m▀[38;2;56;175;110m[48;2;57;178;112m▀[38;2;53;169;106m[48;2;55;173;109m▀[38;2;150;138;60m[48;2;52;167;105m▀[38;2;150;138;60m[48;2;240;222;96m▀[38;2;240;222;96m[48;2;240;222;96m▀   [0m
  [38;2;0;0;0m[48;2;19;70;106m▀[38;2;20;74;111m[48;2;40;138;170m▀[38;2;40;139;170m[48;2;22;80;118m▀[38;2;40;139;171m[48;2;40;139;171m▀[38;2;23;84;123m[48;2;41;140;171m▀[38;2;24;86;126m[48;2;24;87;127m▀[38;2;25;87;128m[48;2;25;88;129m▀[38;2;25;89;130m[48;2;25;90;131m▀[38;2;25;90;131m[48;2;26;91;132m▀[38;2;26;91;133m[48;2;41;141;173m▀[38;2;26;93;134m[48;2;26;93;135m▀[38;2;26;93;135m[48;2;27;94;136m▀[38;2;27;94;136m[48;2;27;95;137m▀[38;2;27;95;137m[48;2;27;96;138m▀[38;2;27;96;138m[48;2;27;97;139m▀[38;2;27;97;139m[48;2;28;97;140m▀[38;2;28;97;140m[48;2;28;98;140m▀[38;2;28;98;140m[48;2;72;211;133m▀[38;2;72;211;133m[48;2;72;212;134m▀[38;2;72;212;134m[48;2;73;213;135m▀[38;2;73;213;135m[48;2;73;214;135m▀[38;2;73;213;135m[48;2;28;100;143m▀[38;2;28;100;143m[48;2;28;100;143m▀[38;2;28;100;143m[48;2;29;100;144m▀[38;2;28;100;143m[48;2;74;217;137m▀[38;2;74;216;136m[48;2;29;101;144m▀[38;2;74;216;137m[48;2;29;101;144m▀[38;2;29;100;144m[48;2;75;217;138m▀[38;2;74;216;137m[48;2;29;101;144m▀[38;2;74;216;137m[48;2;75;217;138m▀[38;2;74;216;137m[48;2;29;101;144m▀[38;2;74;216;137m[48;2;75;217;137m▀[38;2;41;142;174m[48;2;75;217;137m▀[38;2;41;142;174m[48;2;74;217;137m▀[38;2;74;215;136m[48;2;74;216;137m▀[38;2;28;100;143m[48;2;74;215;136m▀[38;2;28;99;142m[48;2;74;215;136m▀[38;2;73;213;135m[48;2;73;214;135m▀[38;2;72;212;134m[48;2;73;213;135m▀[38;2;72;211;133m[48;2;72;212;134m▀[38;2;71;210;133m[48;2;72;211;133m▀[38;2;28;97;140m[48;2;28;98;140m▀[38;2;70;207;131m[48;2;71;208;132m▀[38;2;69;205;130m[48;2;70;207;131m▀[38;2;69;204;129m[48;2;69;205;130m▀[38;2;240;222;96m[48;2;68;203;128m▀[38;2;240;222;96m[48;2;67;201;127m▀[38;2;240;222;96m[48;2;66;199;126m▀[38;2;65;195;123m[48;2;240;222;96m▀[38;2;63;192;121m[48;2;150;138;60m▀[38;2;62;189;119m[48;2;63;191;120m▀[38;2;60;185;117m[48;2;61;187;118m▀[38;2;58;181;114m[48;2;59;183;116m▀[38;2;56;176;111m[48;2;57;179;113m▀[38;2;54;171;107m[48;2;55;174;109m▀[38;2;50;163;103m[48;2;52;167;105m▀[38;2;240;222;96m[48;2;48;158;100m▀[38;2;255;92;92m[48;2;255;92;92m▀  [0m
 [38;2;0;0;0m[48;2;18;66;101m▀[38;2;20;73;110m[48;2;40;138;169m▀[38;2;22;78;116m[48;2;22;79;118m▀[38;2;23;81;120m[48;2;23;82;122m▀[38;2;23;84;123m[48;2;24;85;124m▀[38;2;41;140;171m[48;2;24;87;127m▀[38;2;41;140;172m[48;2;25;88;129m▀[38;2;41;140;172m[48;2;25;90;131m▀[38;2;41;141;172m[48;2;41;141;172m▀[38;2;41;141;172m[48;2;41;141;173m▀[38;2;26;93;134m[48;2;41;141;173m▀[38;2;27;94;136m[48;2;41;141;173m▀[38;2;27;95;137m[48;2;27;95;137m▀[38;2;27;96;138m[48;2;27;96;138m▀[38;2;27;96;139m[48;2;27;97;139m▀[38;2;28;97;140m[48;2;28;98;140m▀[38;2;28;98;140m[48;2;28;98;141m▀[38;2;28;98;141m[48;2;28;99;142m▀[38;2;28;99;142m[48;2;73;213;135m▀[38;2;28;99;142m[48;2;73;214;136m▀[38;2;28;100;143m[48;2;74;215;136m▀[38;2;41;142;174m[48;2;74;216;137m▀[38;2;29;100;144m[48;2;75;217;137m▀[38;2;29;101;144m[48;2;75;218;138m▀[38;2;29;101;144m[48;2;75;218;138m▀[38;2;29;101;144m[48;2;75;219;138m▀[38;2;29;101;145m[48;2;29;102;145m▀[38;2;75;218;138m[48;2;29;102;145m▀[38;2;29;101;145m[48;2;29;102;145m▀[38;2;29;101;145m[48;2;29;102;145m▀[38;2;75;219;138m[48;2;29;102;145m▀[38;2;29;101;145m[48;2;29;102;145m▀[38;2;29;101;145m[48;2;29;102;145m▀[38;2;75;218;138m[48;2;29;102;145m▀[38;2;75;218;138m[48;2;41;142;174m▀[38;2;75;217;137m[48;2;29;101;145m▀[38;2;74;217;137m[48;2;29;101;144m▀[38;2;74;216;137m[48;2;75;217;137m▀[38;2;74;215;136m[48;2;74;216;137m▀[38;2;73;214;136m[48;2;74;215;136m▀[38;2;73;213;135m[48;2;73;214;136m▀[38;2;72;212;134m[48;2;73;213;135m▀[38;2;72;211;133m[48;2;72;212;134m▀[38;2;71;210;133m[48;2;72;211;133m▀[38;2;71;208;132m[48;2;71;209;132m▀[38;2;70;207;131m[48;2;70;208;131m▀[38;2;69;205;129m[48;2;70;206;130m▀[38;2;68;203;128m[48;2;69;204;129m▀[38;2;67;201;127m[48;2;68;202;128m▀[38;2;66;198;125m[48;2;67;200;126m▀[38;2;65;196;123m[48;2;66;197;124m▀[38;2;150;138;60m[48;2;64;194;123m▀[38;2;150;138;60m[48;2;150;138;60m▀[38;2;60;186;117m[48;2;240;222;96m▀[38;2;58;181;114m[48;2;59;183;116m▀[38;2;56;176;111m[48;2;57;179;113m▀[38;2;54;170;107m[48;2;55;173;109m▀[38;2;50;163;102m[48;2;52;166;105m▀[38;2;45;151;95m[48;2;47;157;98m▀[38;2;0;0;0m[48;2;18;66;101m▀ [0m
 [38;2;20;71;108m[48;2;20;73;110m▀[38;2;21;77;115m[48;2;22;78;116m▀[38;2;22;81;119m[48;2;23;82;120m▀[38;2;23;83;123m[48;2;24;84;124m▀[38;2;24;86;125m[48;2;24;86;126m▀[38;2;25;87;128m[48;2;25;88;128m▀[38;2;25;89;130m[48;2;25;90;130m▀[38;2;25;90;131m[48;2;26;91;132m▀[38;2;26;92;133m[48;2;41;141;173m▀[38;2;26;93;134m[48;2;26;93;135m▀[38;2;41;141;173m[48;2;27;94;136m▀[38;2;41;141;173m[48;2;27;95;137m▀[38;2;41;141;173m[48;2;27;96;139m▀[38;2;41;142;173m[48;2;27;97;139m▀[38;2;41;142;174m[48;2;28;98;140m▀[38;2;41;142;174m[48;2;41;142;174m▀[38;2;28;99;141m[48;2;73;213;135m▀[38;2;73;213;135m[48;2;73;214;135m▀[38;2;73;214;136m[48;2;74;215;136m▀[38;2;74;215;136m[48;2;74;216;137m▀[38;2;74;216;137m[48;2;75;217;137m▀[38;2;75;217;137m[48;2;75;218;138m▀[38;2;75;218;138m[48;2;75;219;138m▀[38;2;75;219;138m[48;2;76;219;139m▀[38;2;76;219;139m[48;2;76;220;139m▀[38;2;76;220;139m[48;2;76;220;139m▀[38;2;29;102;146m[48;2;76;221;140m▀[38;2;29;102;146m[48;2;76;221;140m▀[38;2;29;102;146m[48;2;29;103;146m▀[38;2;29;102;146m[48;2;29;103;146m▀[38;2;29;102;146m[48;2;76;221;140m▀[38;2;29;102;146m[48;2;76;221;140m▀[38;2;29;102;146m[48;2;76;221;140m▀[38;2;29;102;146m[48;2;41;142;174m▀[38;2;41;142;174m[48;2;41;142;174m▀[38;2;29;102;145m[48;2;76;220;139m▀[38;2;29;101;145m[48;2;76;219;139m▀[38;2;75;218;138m[48;2;75;219;138m▀[38;2;75;217;137m[48;2;75;218;138m▀[38;2;74;216;137m[48;2;75;217;137m▀[38;2;74;215;136m[48;2;74;216;137m▀[38;2;73;214;136m[48;2;74;215;136m▀[38;2;73;213;135m[48;2;73;214;135m▀[38;2;72;212;134m[48;2;41;142;174m▀[38;2;72;210;133m[48;2;72;211;134m▀[38;2;71;209;132m[48;2;71;210;133m▀[38;2;70;207;131m[48;2;70;208;131m▀[38;2;69;205;130m[48;2;70;206;130m▀[38;2;68;203;128m[48;2;69;204;129m▀[38;2;67;201;127m[48;2;68;202;128m▀[38;2;66;198;125m[48;2;67;199;126m▀[38;2;65;195;123m[48;2;65;197;124m▀[38;2;63;192;121m[48;2;64;194;122m▀[38;2;62;189;119m[48;2;62;190;120m▀[38;2;240;222;96m[48;2;61;186;118m▀[38;2;240;222;96m[48;2;240;222;96m▀[38;2;56;175;110m[48;2;240;222;96m▀[38;2;53;169;106m[48;2;40;139;171m▀[38;2;49;160;101m[48;2;50;163;103m▀[38;2;43;146;92m[48;2;45;152;95m▀ [0m
[38;2;0;0;0m[48;2;39;138;86m▀[38;2;40;138;169m[48;2;21;76;114m▀[38;2;22;79;118m[48;2;22;80;118m▀[38;2;23;82;121m[48;2;23;83;122m▀[38;2;24;85;124m[48;2;24;85;125m▀[38;2;24;87;127m[48;2;24;87;127m▀[38;2;25;88;129m[48;2;25;89;130m▀[38;2;25;90;131m[48;2;25;90;131m▀[38;2;26;91;133m[48;2;41;141;172m▀[38;2;41;141;173m[48;2;26;93;135m▀[38;2;27;94;136m[48;2;27;94;136m▀[38;2;27;95;137m[48;2;27;95;137m▀[38;2;27;96;138m[48;2;27;96;138m▀[38;2;27;97;139m[48;2;27;97;139m▀[38;2;28;97;140m[48;2;28;98;140m▀[38;2;72;210;133m[48;2;72;211;134m▀[38;2;72;212;134m[48;2;73;213;134m▀[38;2;73;213;135m[48;2;73;214;135m▀[38;2;74;215;136m[48;2;74;215;136m▀[38;2;74;216;137m[48;2;74;216;137m▀[38;2;75;217;137m[48;2;75;217;138m▀[38;2;75;218;138m[48;2;75;218;138m▀[38;2;75;219;138m[48;2;76;219;139m▀[38;2;76;219;139m[48;2;76;220;139m▀[38;2;76;220;139m[48;2;76;221;140m▀[38;2;76;221;140m[48;2;76;221;140m▀[38;2;76;221;140m[48;2;77;222;140m▀[38;2;77;221;140m[48;2;77;222;140m▀[38;2;77;222;140m[48;2;77;222;141m▀[38;2;77;222;140m[48;2;77;222;141m▀[38;2;77;222;140m[48;2;77;222;141m▀[38;2;77;222;140m[48;2;77;222;141m▀[38;2;77;222;140m[48;2;77;222;141m▀[38;2;77;222;140m[48;2;77;222;141m▀[38;2;77;221;140m[48;2;77;222;140m▀[38;2;76;221;140m[48;2;77;222;140m▀[38;2;76;221;140m[48;2;76;221;140m▀[38;2;76;220;139m[48;2;76;221;140m▀[38;2;76;219;139m[48;2;29;102;146m▀[38;2;75;219;138m[48;2;76;219;139m▀[38;2;75;218;138m[48;2;75;218;138m▀[38;2;75;217;137m[48;2;75;217;138m▀[38;2;74;216;137m[48;2;74;216;137m▀[38;2;74;215;136m[48;2;74;215;136m▀[38;2;73;213;135m[48;2;73;214;135m▀[38;2;28;99;142m[48;2;73;213;134m▀[38;2;28;98;141m[48;2;72;211;134m▀[38;2;28;97;140m[48;2;71;209;132m▀[38;2;70;207;131m[48;2;70;208;131m▀[38;2;69;205;130m[48;2;41;141;173m▀[38;2;27;95;137m[48;2;27;95;137m▀[38;2;27;94;136m[48;2;27;94;136m▀[38;2;66;198;125m[48;2;26;93;135m▀[38;2;64;195;123m[48;2;65;195;123m▀[38;2;63;191;121m[48;2;63;192;121m▀[38;2;61;188;118m[48;2;62;189;119m▀[38;2;59;183;116m[48;2;60;185;116m▀[38;2;240;222;96m[48;2;24;85;125m▀[38;2;240;222;96m[48;2;150;138;60m▀[38;2;51;166;104m[48;2;150;138;60m▀[38;2;47;155;97m[48;2;48;158;99m▀[38;2;0;0;0m[48;2;18;68;103m▀[0m
[38;2;41;144;90m[48;2;43;147;92m▀[38;2;21;77;115m[48;2;21;77;115m▀[38;2;22;80;119m[48;2;23;81;120m▀[38;2;23;83;123m[48;2;23;84;123m▀[38;2;24;86;125m[48;2;24;86;126m▀[38;2;25;88;128m[48;2;25;88;128m▀[38;2;25;89;130m[48;2;25;89;130m▀[38;2;26;91;132m[48;2;26;91;132m▀[38;2;41;141;172m[48;2;41;141;173m▀[38;2;26;93;135m[48;2;26;93;135m▀[38;2;27;94;136m[48;2;27;95;136m▀[38;2;27;95;137m[48;2;27;96;138m▀[38;2;27;96;139m[48;2;27;96;139m▀[38;2;28;97;140m[48;2;71;209;132m▀[38;2;71;210;133m[48;2;72;210;133m▀[38;2;72;212;134m[48;2;72;212;134m▀[38;2;73;213;135m[48;2;73;213;135m▀[38;2;73;215;136m[48;2;74;215;136m▀[38;2;74;216;137m[48;2;74;216;137m▀[38;2;75;217;137m[48;2;75;217;137m▀[38;2;75;218;138m[48;2;75;218;138m▀[38;2;75;219;138m[48;2;76;219;139m▀[38;2;76;220;139m[48;2;76;220;139m▀[38;2;76;220;139m[48;2;76;221;140m▀[38;2;76;221;140m[48;2;77;221;140m▀[38;2;77;222;140m[48;2;77;222;140m▀[38;2;77;222;141m[48;2;77;222;141m▀[38;2;77;222;141m[48;2;77;223;141m▀[38;2;77;223;141m[48;2;77;223;141m▀[38;2;77;223;141m[48;2;77;223;141m▀[38;2;77;223;141m[48;2;77;223;141m▀[38;2;77;223;141m[48;2;77;223;141m▀[38;2;77;223;141m[48;2;77;223;141m▀[38;2;77;223;141m[48;2;77;223;141m▀[38;2;77;222;141m[48;2;77;223;141m▀[38;2;77;222;141m[48;2;77;222;141m▀[38;2;77;222;140m[48;2;77;222;140m▀[38;2;76;221;140m[48;2;77;221;140m▀[38;2;29;102;146m[48;2;76;221;140m▀[38;2;76;220;139m[48;2;29;102;146m▀[38;2;75;219;138m[48;2;76;219;139m▀[38;2;75;218;138m[48;2;75;218;138m▀[38;2;75;217;137m[48;2;75;217;137m▀[38;2;74;216;137m[48;2;74;216;137m▀[38;2;73;215;136m[48;2;74;215;136m▀[38;2;73;213;135m[48;2;73;213;135m▀[38;2;72;212;134m[48;2;72;212;134m▀[38;2;71;210;133m[48;2;72;210;133m▀[38;2;71;208;132m[48;2;71;209;132m▀[38;2;41;141;173m[48;2;41;141;173m▀[38;2;27;95;137m[48;2;27;96;138m▀[38;2;27;94;136m[48;2;27;95;136m▀[38;2;26;93;135m[48;2;26;93;135m▀[38;2;26;92;133m[48;2;26;92;134m▀[38;2;64;193;122m[48;2;26;91;132m▀[38;2;62;189;120m[48;2;62;190;120m▀[38;2;60;185;117m[48;2;61;186;117m▀[38;2;24;86;125m[48;2;24;86;126m▀[38;2;23;83;123m[48;2;23;84;123m▀[38;2;150;138;60m[48;2;150;138;60m▀[38;2;21;77;115m[48;2;150;138;60m▀[38;2;41;144;90m[48;2;20;71;108m▀[0m
[38;2;44;148;93m[48;2;44;149;93m▀[38;2;22;78;116m[48;2;22;78;116m▀[38;2;23;81;120m[48;2;23;81;120m▀[38;2;23;84;123m[48;2;23;84;123m▀[38;2;24;86;126m[48;2;24;86;126m▀[38;2;25;88;128m[48;2;25;88;128m▀[38;2;25;90;130m[48;2;25;90;130m▀[38;2;26;91;132m[48;2;41;141;172m▀[38;2;41;141;173m[48;2;26;92;134m▀[38;2;26;94;135m[48;2;26;94;135m▀[38;2;27;95;137m[48;2;27;95;137m▀[38;2;27;96;138m[48;2;27;96;138m▀[38;2;27;97;139m[48;2;27;97;139m▀[38;2;28;97;140m[48;2;71;209;132m▀[38;2;72;211;133m[48;2;72;211;133m▀[38;2;72;212;134m[48;2;72;212;134m▀[38;2;73;214;135m[48;2;73;214;135m▀[38;2;74;215;136m[48;2;74;215;136m▀[38;2;74;216;137m[48;2;74;216;137m▀[38;2;75;217;138m[48;2;75;218;138m▀[38;2;75;218;138m[48;2;75;219;138m▀[38;2;76;219;139m[48;2;76;220;139m▀[38;2;76;220;139m[48;2;76;220;139m▀[38;2;76;221;140m[48;2;76;221;140m▀[38;2;77;222;140m[48;2;77;222;140m▀[38;2;77;222;141m[48;2;77;222;141m▀[38;2;77;223;141m[48;2;77;223;141m▀[38;2;77;223;141m[48;2;77;223;141m▀[38;2;77;223;141m[48;2;77;223;141m▀[38;2;77;223;141m[48;2;77;223;141m▀[38;2;77;223;141m[48;2;77;223;141m▀[38;2;77;223;141m[48;2;77;223;141m▀[38;2;77;223;141m[48;2;77;223;141m▀[38;2;77;223;141m[48;2;77;223;141m▀[38;2;77;223;141m[48;2;77;223;141m▀[38;2;77;223;141m[48;2;77;223;141m▀[38;2;77;222;141m[48;2;77;222;141m▀[38;2;77;222;140m[48;2;77;222;140m▀[38;2;76;221;140m[48;2;76;221;140m▀[38;2;29;102;146m[48;2;76;220;139m▀[38;2;29;102;145m[48;2;29;102;145m▀[38;2;75;218;138m[48;2;29;101;145m▀[38;2;75;217;138m[48;2;75;218;138m▀[38;2;74;216;137m[48;2;74;216;137m▀[38;2;74;215;136m[48;2;74;215;136m▀[38;2;73;214;135m[48;2;73;214;135m▀[38;2;72;212;134m[48;2;72;212;134m▀[38;2;72;211;133m[48;2;28;98;141m▀[38;2;28;97;140m[48;2;28;97;140m▀[38;2;41;142;173m[48;2;27;97;139m▀[38;2;41;141;173m[48;2;41;141;173m▀[38;2;27;95;137m[48;2;27;95;137m▀[38;2;26;94;135m[48;2;26;94;135m▀[38;2;26;92;134m[48;2;26;92;134m▀[38;2;26;91;132m[48;2;26;91;132m▀[38;2;25;90;130m[48;2;25;90;130m▀[38;2;61;186;118m[48;2;61;187;118m▀[38;2;24;86;126m[48;2;24;86;126m▀[38;2;23;84;123m[48;2;23;84;123m▀[38;2;40;139;171m[48;2;23;81;120m▀[38;2;240;222;96m[48;2;22;78;116m▀[38;2;240;222;96m[48;2;240;222;96m▀[0m
[38;2;44;149;93m[48;2;44;148;93m▀[38;2;50;162;102m[48;2;50;162;102m▀[38;2;23;81;120m[48;2;23;81;120m▀[38;2;23;84;123m[48;2;23;84;123m▀[38;2;24;86;126m[48;2;24;86;126m▀[38;2;25;88;128m[48;2;25;88;128m▀[38;2;25;90;130m[48;2;25;90;130m▀[38;2;41;141;172m[48;2;41;141;172m▀[38;2;26;92;134m[48;2;26;92;134m▀[38;2;26;94;135m[48;2;26;94;135m▀[38;2;27;95;137m[48;2;27;95;137m▀[38;2;27;96;138m[48;2;27;96;138m▀[38;2;27;97;139m[48;2;27;97;139m▀[38;2;71;209;132m[48;2;71;209;132m▀[38;2;72;211;133m[48;2;72;211;133m▀[38;2;72;212;134m[48;2;72;212;134m▀[38;2;73;214;135m[48;2;73;214;135m▀[38;2;74;215;136m[48;2;74;215;136m▀[38;2;74;216;137m[48;2;74;216;137m▀[38;2;75;218;138m[48;2;75;217;138m▀[38;2;75;219;138m[48;2;75;218;138m▀[38;2;76;220;139m[48;2;76;219;139m▀[38;2;76;220;139m[48;2;76;220;139m▀[38;2;76;221;140m[48;2;76;221;140m▀[38;2;77;222;140m[48;2;77;222;140m▀[38;2;77;222;141m[48;2;77;222;141m▀[38;2;77;223;141m[48;2;77;223;141m▀[38;2;77;223;141m[48;2;77;223;141m▀[38;2;77;223;141m[48;2;77;223;141m▀[38;2;77;223;141m[48;2;77;223;141m▀[38;2;77;223;141m[48;2;77;223;141m▀[38;2;77;223;141m[48;2;77;223;141m▀[38;2;77;223;141m[48;2;77;223;141m▀[38;2;77;223;141m[48;2;77;223;141m▀[38;2;77;223;141m[48;2;77;223;141m▀[38;2;77;223;141m[48;2;77;223;141m▀[38;2;77;222;141m[48;2;77;222;141m▀[38;2;77;222;140m[48;2;77;222;140m▀[38;2;76;221;140m[48;2;76;221;140m▀[38;2;76;220;139m[48;2;76;220;139m▀[38;2;76;220;139m[48;2;76;219;139m▀[38;2;75;219;138m[48;2;75;218;138m▀[38;2;29;101;144m[48;2;29;101;144m▀[38;2;74;216;137m[48;2;74;216;137m▀[38;2;74;215;136m[48;2;74;215;136m▀[38;2;73;214;135m[48;2;28;99;142m▀[38;2;28;99;142m[48;2;28;99;142m▀[38;2;28;98;141m[48;2;28;98;141m▀[38;2;28;97;140m[48;2;28;97;140m▀[38;2;27;97;139m[48;2;27;97;139m▀[38;2;41;141;173m[48;2;41;141;173m▀[38;2;27;95;137m[48;2;27;95;137m▀[38;2;26;94;135m[48;2;26;94;135m▀[38;2;26;92;134m[48;2;26;92;134m▀[38;2;26;91;132m[48;2;26;91;132m▀[38;2;25;90;130m[48;2;25;90;130m▀[38;2;61;187;118m[48;2;25;88;128m▀[38;2;24;86;126m[48;2;24;86;126m▀[38;2;23;84;123m[48;2;23;84;123m▀[38;2;23;81;120m[48;2;23;81;120m▀[38;2;22;78;116m[48;2;22;78;116m▀[38;2;255;92;92m[48;2;255;92;92m▀[0m
[38;2;43;147;92m[48;2;41;144;90m▀[38;2;49;161;101m[48;2;49;160;100m▀[38;2;23;81;120m[48;2;40;139;170m▀[38;2;23;84;123m[48;2;40;139;171m▀[38;2;24;86;126m[48;2;24;86;125m▀[38;2;25;88;128m[48;2;25;88;128m▀[38;2;25;89;130m[48;2;25;89;130m▀[38;2;41;141;172m[48;2;41;141;172m▀[38;2;26;92;134m[48;2;26;92;133m▀[38;2;26;93;135m[48;2;26;93;135m▀[38;2;27;95;136m[48;2;27;94;136m▀[38;2;27;96;138m[48;2;27;95;137m▀[38;2;27;96;139m[48;2;27;96;139m▀[38;2;28;97;140m[48;2;28;97;140m▀[38;2;72;210;133m[48;2;71;210;133m▀[38;2;72;212;134m[48;2;72;212;134m▀[38;2;73;213;135m[48;2;73;213;135m▀[38;2;74;215;136m[48;2;73;215;136m▀[38;2;74;216;137m[48;2;74;216;137m▀[38;2;75;217;137m[48;2;75;217;137m▀[38;2;75;218;138m[48;2;75;218;138m▀[38;2;76;219;139m[48;2;75;219;138m▀[38;2;76;220;139m[48;2;76;220;139m▀[38;2;76;221;140m[48;2;76;220;139m▀[38;2;77;221;140m[48;2;76;221;140m▀[38;2;77;222;140m[48;2;77;222;140m▀[38;2;77;222;141m[48;2;77;222;141m▀[38;2;77;223;141m[48;2;77;222;141m▀[38;2;77;223;141m[48;2;77;223;141m▀[38;2;77;223;141m[48;2;77;223;141m▀[38;2;77;223;141m[48;2;77;223;141m▀[38;2;77;223;141m[48;2;77;223;141m▀[38;2;77;223;141m[48;2;77;223;141m▀[38;2;77;223;141m[48;2;77;223;141m▀[38;2;77;223;141m[48;2;77;222;141m▀[38;2;77;222;141m[48;2;77;222;141m▀[38;2;77;222;140m[48;2;77;222;140m▀[38;2;77;221;140m[48;2;76;221;140m▀[38;2;76;221;140m[48;2;76;220;139m▀[38;2;76;220;139m[48;2;76;220;139m▀[38;2;76;219;139m[48;2;75;219;138m▀[38;2;75;218;138m[48;2;75;218;138m▀[38;2;75;217;137m[48;2;75;217;137m▀[38;2;29;100;144m[48;2;74;216;137m▀[38;2;28;100;143m[48;2;73;215;136m▀[38;2;73;213;135m[48;2;73;213;135m▀[38;2;72;212;134m[48;2;28;99;141m▀[38;2;28;98;141m[48;2;28;98;141m▀[38;2;28;97;140m[48;2;28;97;140m▀[38;2;27;96;139m[48;2;27;96;139m▀[38;2;41;141;173m[48;2;41;141;173m▀[38;2;27;95;136m[48;2;27;94;136m▀[38;2;26;93;135m[48;2;26;93;135m▀[38;2;26;92;134m[48;2;26;92;133m▀[38;2;26;91;132m[48;2;26;91;132m▀[38;2;25;89;130m[48;2;25;89;130m▀[38;2;25;88;128m[48;2;25;88;128m▀[38;2;24;86;126m[48;2;24;86;125m▀[38;2;23;84;123m[48;2;40;139;171m▀[38;2;23;81;120m[48;2;40;139;170m▀[38;2;40;139;170m[48;2;21;77;115m▀[38;2;20;71;108m[48;2;19;70;106m▀[0m
[38;2;39;138;86m[48;2;0;0;0m▀[38;2;48;158;99m[48;2;47;155;97m▀[38;2;52;167;105m[48;2;51;166;104m▀[38;2;40;139;171m[48;2;55;173;109m▀[38;2;41;140;171m[48;2;24;85;124m▀[38;2;41;140;172m[48;2;41;140;172m▀[38;2;25;89;130m[48;2;41;140;172m▀[38;2;41;141;172m[48;2;41;141;172m▀[38;2;26;92;133m[48;2;41;141;172m▀[38;2;26;93;135m[48;2;26;93;134m▀[38;2;27;94;136m[48;2;27;94;136m▀[38;2;27;95;137m[48;2;27;95;137m▀[38;2;27;96;138m[48;2;27;96;138m▀[38;2;27;97;139m[48;2;27;97;139m▀[38;2;28;98;140m[48;2;28;97;140m▀[38;2;72;211;134m[48;2;28;98;141m▀[38;2;73;213;134m[48;2;72;212;134m▀[38;2;73;214;135m[48;2;28;99;142m▀[38;2;74;215;136m[48;2;74;215;136m▀[38;2;74;216;137m[48;2;74;216;137m▀[38;2;75;217;138m[48;2;41;142;174m▀[38;2;75;218;138m[48;2;29;101;145m▀[38;2;76;219;139m[48;2;29;101;145m▀[38;2;76;220;139m[48;2;76;219;139m▀[38;2;76;221;140m[48;2;76;220;139m▀[38;2;76;221;140m[48;2;76;221;140m▀[38;2;77;222;140m[48;2;76;221;140m▀[38;2;77;222;140m[48;2;77;221;140m▀[38;2;77;222;141m[48;2;77;222;140m▀[38;2;77;222;141m[48;2;77;222;140m▀[38;2;77;222;141m[48;2;77;222;140m▀[38;2;77;222;141m[48;2;77;222;140m▀[38;2;77;222;141m[48;2;77;222;140m▀[38;2;77;222;141m[48;2;77;222;140m▀[38;2;77;222;140m[48;2;77;221;140m▀[38;2;77;222;140m[48;2;76;221;140m▀[38;2;76;221;140m[48;2;76;221;140m▀[38;2;76;221;140m[48;2;76;220;139m▀[38;2;76;220;139m[48;2;76;219;139m▀[38;2;76;219;139m[48;2;75;219;138m▀[38;2;75;218;138m[48;2;75;218;138m▀[38;2;75;217;138m[48;2;75;217;137m▀[38;2;74;216;137m[48;2;74;216;137m▀[38;2;74;215;136m[48;2;74;215;136m▀[38;2;73;214;135m[48;2;73;213;135m▀[38;2;73;213;134m[48;2;72;212;134m▀[38;2;28;98;141m[48;2;28;98;141m▀[38;2;28;98;140m[48;2;28;97;140m▀[38;2;27;97;139m[48;2;27;97;139m▀[38;2;27;96;138m[48;2;27;96;138m▀[38;2;41;141;173m[48;2;41;141;173m▀[38;2;27;94;136m[48;2;27;94;136m▀[38;2;26;93;135m[48;2;26;93;134m▀[38;2;26;92;133m[48;2;41;141;172m▀[38;2;25;90;131m[48;2;41;141;172m▀[38;2;25;89;130m[48;2;41;140;172m▀[38;2;41;140;172m[48;2;41;140;172m▀[38;2;41;140;171m[48;2;24;85;124m▀[38;2;40;139;171m[48;2;23;82;121m▀[38;2;22;80;118m[48;2;22;79;118m▀[38;2;21;76;114m[48;2;21;75;112m▀[38;2;18;68;103m[48;2;0;0;0m▀[0m
 [38;2;45;152;95m[48;2;43;146;92m▀[38;2;50;163;103m[48;2;49;160;101m▀[38;2;54;171;108m[48;2;53;169;106m▀[38;2;57;177;112m[48;2;56;175;110m▀[38;2;24;86;126m[48;2;58;181;114m▀[38;2;25;88;128m[48;2;25;87;128m▀[38;2;41;141;172m[48;2;41;140;172m▀[38;2;41;141;172m[48;2;25;90;131m▀[38;2;41;141;173m[48;2;26;92;133m▀[38;2;41;141;173m[48;2;26;93;134m▀[38;2;41;141;173m[48;2;27;94;136m▀[38;2;41;141;173m[48;2;41;141;173m▀[38;2;27;96;139m[48;2;41;141;173m▀[38;2;27;97;139m[48;2;41;142;173m▀[38;2;28;98;140m[48;2;41;142;174m▀[38;2;28;98;141m[48;2;41;142;174m▀[38;2;28;99;142m[48;2;41;142;174m▀[38;2;28;100;143m[48;2;41;142;174m▀[38;2;28;100;143m[48;2;41;142;174m▀[38;2;41;142;174m[48;2;41;142;174m▀[38;2;29;101;144m[48;2;29;100;144m▀[38;2;29;101;145m[48;2;29;101;144m▀[38;2;29;101;145m[48;2;29;101;145m▀[38;2;76;219;139m[48;2;29;101;145m▀[38;2;76;220;139m[48;2;29;102;145m▀[38;2;76;220;139m[48;2;76;220;139m▀[38;2;76;221;140m[48;2;76;220;139m▀[38;2;76;221;140m[48;2;76;220;139m▀[38;2;76;221;140m[48;2;76;220;139m▀[38;2;76;221;140m[48;2;76;220;140m▀[38;2;76;221;140m[48;2;76;220;140m▀[38;2;76;221;140m[48;2;76;220;139m▀[38;2;76;221;140m[48;2;76;220;139m▀[38;2;76;221;140m[48;2;76;220;139m▀[38;2;76;220;139m[48;2;76;220;139m▀[38;2;76;220;139m[48;2;76;219;139m▀[38;2;76;219;139m[48;2;75;219;138m▀[38;2;75;219;138m[48;2;75;218;138m▀[38;2;75;218;138m[48;2;75;217;137m▀[38;2;75;217;137m[48;2;74;216;137m▀[38;2;74;216;137m[48;2;74;215;136m▀[38;2;74;215;136m[48;2;73;214;136m▀[38;2;73;214;135m[48;2;41;142;174m▀[38;2;73;213;135m[48;2;41;142;174m▀[38;2;28;98;141m[48;2;41;142;174m▀[38;2;28;98;140m[48;2;41;142;174m▀[38;2;27;97;139m[48;2;41;142;173m▀[38;2;27;96;139m[48;2;41;141;173m▀[38;2;41;141;173m[48;2;41;141;173m▀[38;2;41;141;173m[48;2;41;141;173m▀[38;2;41;141;173m[48;2;26;93;134m▀[38;2;41;141;173m[48;2;26;92;133m▀[38;2;41;141;172m[48;2;25;90;131m▀[38;2;25;90;130m[48;2;25;89;130m▀[38;2;25;88;128m[48;2;25;87;128m▀[38;2;24;86;126m[48;2;24;86;125m▀[38;2;24;84;124m[48;2;23;83;123m▀[38;2;23;82;120m[48;2;22;81;119m▀[38;2;22;78;116m[48;2;40;139;170m▀[38;2;20;73;110m[48;2;20;71;108m▀ [0m
 [38;2;37;134;84m[48;2;0;0;0m▀[38;2;47;157;98m[48;2;45;151;95m▀[38;2;52;166;105m[48;2;50;163;102m▀[38;2;55;173;109m[48;2;54;170;107m▀[38;2;57;179;113m[48;2;56;176;111m▀[38;2;24;87;127m[48;2;24;86;126m▀[38;2;41;140;172m[48;2;41;140;172m▀[38;2;25;90;131m[48;2;25;89;130m▀[38;2;26;91;132m[48;2;26;91;132m▀[38;2;26;92;134m[48;2;26;92;133m▀[38;2;26;93;135m[48;2;26;93;134m▀[38;2;27;94;136m[48;2;27;94;136m▀[38;2;27;95;137m[48;2;27;95;137m▀[38;2;27;96;138m[48;2;27;96;138m▀[38;2;27;97;139m[48;2;27;96;139m▀[38;2;28;98;140m[48;2;28;97;140m▀[38;2;28;98;141m[48;2;28;98;140m▀[38;2;41;142;174m[48;2;28;98;141m▀[38;2;41;142;174m[48;2;28;99;142m▀[38;2;41;142;174m[48;2;41;142;174m▀[38;2;41;142;174m[48;2;28;100;143m▀[38;2;41;142;174m[48;2;28;100;143m▀[38;2;41;142;174m[48;2;29;100;144m▀[38;2;41;142;174m[48;2;29;101;144m▀[38;2;75;218;138m[48;2;29;101;144m▀[38;2;75;219;138m[48;2;75;218;138m▀[38;2;75;219;139m[48;2;75;218;138m▀[38;2;76;219;139m[48;2;75;218;138m▀[38;2;76;220;139m[48;2;75;218;138m▀[38;2;76;220;139m[48;2;75;219;138m▀[38;2;76;220;139m[48;2;75;219;138m▀[38;2;76;220;139m[48;2;75;218;138m▀[38;2;76;219;139m[48;2;75;218;138m▀[38;2;75;219;139m[48;2;75;218;138m▀[38;2;75;219;138m[48;2;75;218;138m▀[38;2;75;218;138m[48;2;75;217;137m▀[38;2;41;142;174m[48;2;74;217;137m▀[38;2;75;217;137m[48;2;74;216;137m▀[38;2;74;216;137m[48;2;74;215;136m▀[38;2;74;215;136m[48;2;73;214;136m▀[38;2;73;214;136m[48;2;73;213;135m▀[38;2;73;213;135m[48;2;28;99;142m▀[38;2;41;142;174m[48;2;28;98;141m▀[38;2;28;98;141m[48;2;28;98;140m▀[38;2;28;98;140m[48;2;28;97;140m▀[38;2;27;97;139m[48;2;27;96;139m▀[38;2;27;96;138m[48;2;27;96;138m▀[38;2;27;95;137m[48;2;27;95;137m▀[38;2;27;94;136m[48;2;27;94;136m▀[38;2;41;141;173m[48;2;41;141;173m▀[38;2;26;92;134m[48;2;26;92;133m▀[38;2;26;91;132m[48;2;26;91;132m▀[38;2;25;90;131m[48;2;25;89;130m▀[38;2;25;88;129m[48;2;25;88;128m▀[38;2;24;87;127m[48;2;24;86;126m▀[38;2;24;85;124m[48;2;23;84;123m▀[38;2;23;82;122m[48;2;23;81;120m▀[38;2;22;79;118m[48;2;22;78;116m▀[38;2;40;138;169m[48;2;20;73;110m▀[38;2;18;66;101m[48;2;0;0;0m▀ [0m
  [38;2;41;143;89m[48;2;0;0;0m▀[38;2;48;158;100m[48;2;45;153;96m▀[38;2;52;167;105m[48;2;50;163;103m▀[38;2;23;83;122m[48;2;23;81;120m▀[38;2;24;85;125m[48;2;23;84;123m▀[38;2;41;140;172m[48;2;41;140;171m▀[38;2;25;88;129m[48;2;25;87;128m▀[38;2;25;90;131m[48;2;25;89;130m▀[38;2;26;91;132m[48;2;25;90;131m▀[38;2;26;92;134m[48;2;26;91;133m▀[38;2;26;93;135m[48;2;26;93;134m▀[38;2;27;94;136m[48;2;26;93;135m▀[38;2;27;95;137m[48;2;27;94;136m▀[38;2;27;96;138m[48;2;27;95;137m▀[38;2;27;97;139m[48;2;27;96;138m▀[38;2;28;97;140m[48;2;27;97;139m▀[38;2;28;98;140m[48;2;28;97;140m▀[38;2;28;98;141m[48;2;28;98;140m▀[38;2;41;142;174m[48;2;41;142;174m▀[38;2;28;99;142m[48;2;28;99;141m▀[38;2;28;100;143m[48;2;28;99;142m▀[38;2;28;100;143m[48;2;28;99;142m▀[38;2;28;100;143m[48;2;28;100;143m▀[38;2;29;100;144m[48;2;28;100;143m▀[38;2;29;101;144m[48;2;28;100;143m▀[38;2;75;217;137m[48;2;74;216;136m▀[38;2;75;217;137m[48;2;74;216;137m▀[38;2;75;217;138m[48;2;74;216;137m▀[38;2;75;217;138m[48;2;74;216;137m▀[38;2;75;217;138m[48;2;74;216;137m▀[38;2;75;217;138m[48;2;74;216;137m▀[38;2;75;217;137m[48;2;74;216;137m▀[38;2;75;217;137m[48;2;74;216;136m▀[38;2;74;217;137m[48;2;74;215;136m▀[38;2;74;216;137m[48;2;74;215;136m▀[38;2;74;215;136m[48;2;73;214;135m▀[38;2;74;215;136m[48;2;73;213;135m▀[38;2;73;214;135m[48;2;73;213;135m▀[38;2;73;213;135m[48;2;72;212;134m▀[38;2;28;99;142m[48;2;28;98;141m▀[38;2;28;98;141m[48;2;28;98;140m▀[38;2;28;98;140m[48;2;28;97;140m▀[38;2;28;97;140m[48;2;27;97;139m▀[38;2;27;97;139m[48;2;27;96;138m▀[38;2;27;96;138m[48;2;27;95;137m▀[38;2;27;95;137m[48;2;27;94;136m▀[38;2;27;94;136m[48;2;26;93;135m▀[38;2;26;93;135m[48;2;26;93;134m▀[38;2;41;141;173m[48;2;41;141;172m▀[38;2;26;91;132m[48;2;25;90;131m▀[38;2;25;90;131m[48;2;25;89;130m▀[38;2;25;88;129m[48;2;25;87;128m▀[38;2;24;87;127m[48;2;24;86;126m▀[38;2;24;85;125m[48;2;23;84;123m▀[38;2;23;83;122m[48;2;23;81;120m▀[38;2;22;80;118m[48;2;22;78;116m▀[38;2;21;76;114m[48;2;40;138;169m▀[38;2;19;70;106m[48;2;0;0;0m▀  [0m
   [38;2;41;142;89m[48;2;0;0;0m▀[38;2;48;158;99m[48;2;45;151;94m▀[38;2;52;167;105m[48;2;50;162;102m▀[38;2;23;82;121m[48;2;22;81;119m▀[38;2;24;84;124m[48;2;23;83;122m▀[38;2;41;140;171m[48;2;41;140;171m▀[38;2;25;88;128m[48;2;24;87;127m▀[38;2;25;89;130m[48;2;25;88;129m▀[38;2;26;91;132m[48;2;25;90;130m▀[38;2;26;92;133m[48;2;26;91;132m▀[38;2;26;93;134m[48;2;26;92;133m▀[38;2;26;94;135m[48;2;26;93;134m▀[38;2;27;94;136m[48;2;26;94;135m▀[38;2;27;95;137m[48;2;27;94;136m▀[38;2;27;96;138m[48;2;27;95;137m▀[38;2;27;96;139m[48;2;27;96;138m▀[38;2;28;97;140m[48;2;27;96;139m▀[38;2;41;142;174m[48;2;41;142;173m▀[38;2;28;98;141m[48;2;28;97;140m▀[38;2;28;98;141m[48;2;28;98;140m▀[38;2;28;99;142m[48;2;28;98;141m▀[38;2;28;99;142m[48;2;28;98;141m▀[38;2;28;99;142m[48;2;28;99;141m▀[38;2;28;99;142m[48;2;28;99;142m▀[38;2;73;214;135m[48;2;28;99;142m▀[38;2;73;214;136m[48;2;73;213;135m▀[38;2;74;215;136m[48;2;73;213;135m▀[38;2;74;215;136m[48;2;73;213;135m▀[38;2;74;215;136m[48;2;73;213;135m▀[38;2;74;215;136m[48;2;73;213;135m▀[38;2;73;214;136m[48;2;73;213;135m▀[38;2;73;214;135m[48;2;73;213;134m▀[38;2;73;214;135m[48;2;72;212;134m▀[38;2;73;213;135m[48;2;72;212;134m▀[38;2;73;213;135m[48;2;72;211;133m▀[38;2;72;212;134m[48;2;28;98;141m▀[38;2;72;211;134m[48;2;71;210;132m▀[38;2;72;210;133m[48;2;71;209;132m▀[38;2;28;97;140m[48;2;70;207;131m▀[38;2;28;97;140m[48;2;27;96;139m▀[38;2;27;96;139m[48;2;27;96;138m▀[38;2;27;96;138m[48;2;27;95;137m▀[38;2;27;95;137m[48;2;68;202;127m▀[38;2;27;94;136m[48;2;26;94;135m▀[38;2;26;94;135m[48;2;26;93;134m▀[38;2;26;93;134m[48;2;26;92;133m▀[38;2;26;92;133m[48;2;26;91;132m▀[38;2;41;141;172m[48;2;41;141;172m▀[38;2;25;89;130m[48;2;25;88;129m▀[38;2;25;88;128m[48;2;24;87;127m▀[38;2;24;86;126m[48;2;24;85;125m▀[38;2;24;84;124m[48;2;23;83;122m▀[38;2;23;82;121m[48;2;22;81;119m▀[38;2;22;80;118m[48;2;22;78;116m▀[38;2;21;76;114m[48;2;40;138;169m▀[38;2;19;70;106m[48;2;0;0;0m▀   [0m
    [38;2;36;132;83m[48;2;0;0;0m▀[38;2;21;75;112m[48;2;42;144;90m▀[38;2;22;79;117m[48;2;21;76;114m▀[38;2;23;81;120m[48;2;22;79;118m▀[38;2;40;140;171m[48;2;23;82;121m▀[38;2;24;85;125m[48;2;23;84;123m▀[38;2;24;87;127m[48;2;24;86;126m▀[38;2;25;88;129m[48;2;24;87;127m▀[38;2;25;90;131m[48;2;25;89;129m▀[38;2;26;91;132m[48;2;25;90;130m▀[38;2;26;92;133m[48;2;26;91;132m▀[38;2;26;93;134m[48;2;26;92;133m▀[38;2;26;93;135m[48;2;26;92;134m▀[38;2;27;94;136m[48;2;26;93;135m▀[38;2;27;95;137m[48;2;27;94;136m▀[38;2;27;95;138m[48;2;27;95;136m▀[38;2;41;141;173m[48;2;41;141;173m▀[38;2;27;96;139m[48;2;27;96;138m▀[38;2;27;97;139m[48;2;27;96;138m▀[38;2;28;97;140m[48;2;27;96;139m▀[38;2;28;98;140m[48;2;27;97;139m▀[38;2;28;98;140m[48;2;27;97;139m▀[38;2;28;98;141m[48;2;28;97;140m▀[38;2;72;211;133m[48;2;71;209;132m▀[38;2;72;211;134m[48;2;71;209;132m▀[38;2;72;211;134m[48;2;71;209;132m▀[38;2;72;211;134m[48;2;71;210;133m▀[38;2;72;211;134m[48;2;71;210;133m▀[38;2;72;211;134m[48;2;71;209;132m▀[38;2;72;211;134m[48;2;71;209;132m▀[38;2;72;211;133m[48;2;71;209;132m▀[38;2;72;210;133m[48;2;71;208;132m▀[38;2;71;210;133m[48;2;70;208;131m▀[38;2;71;209;132m[48;2;70;207;131m▀[38;2;28;97;140m[48;2;70;207;131m▀[38;2;70;208;131m[48;2;69;206;130m▀[38;2;70;207;131m[48;2;69;205;129m▀[38;2;69;206;130m[48;2;27;95;137m▀[38;2;27;95;138m[48;2;27;95;136m▀[38;2;27;95;137m[48;2;67;201;127m▀[38;2;67;201;127m[48;2;66;199;126m▀[38;2;67;200;126m[48;2;26;92;134m▀[38;2;26;93;134m[48;2;26;92;133m▀[38;2;26;92;133m[48;2;26;91;132m▀[38;2;26;91;132m[48;2;25;90;130m▀[38;2;41;141;172m[48;2;41;140;172m▀[38;2;25;88;129m[48;2;24;87;127m▀[38;2;24;87;127m[48;2;24;86;126m▀[38;2;24;85;125m[48;2;23;84;123m▀[38;2;23;84;123m[48;2;23;82;121m▀[38;2;23;81;120m[48;2;22;79;118m▀[38;2;22;79;117m[48;2;21;76;114m▀[38;2;21;75;112m[48;2;40;138;168m▀[38;2;40;137;168m[48;2;0;0;0m▀    [0m
      [38;2;40;138;169m[48;2;0;0;0m▀[38;2;21;77;114m[48;2;20;73;110m▀[38;2;22;80;118m[48;2;40;139;170m▀[38;2;40;139;171m[48;2;40;139;170m▀[38;2;24;84;124m[48;2;23;82;121m▀[38;2;24;86;126m[48;2;23;84;123m▀[38;2;24;87;127m[48;2;24;86;125m▀[38;2;25;88;129m[48;2;24;87;127m▀[38;2;25;90;130m[48;2;25;88;129m▀[38;2;25;90;131m[48;2;25;89;130m▀[38;2;26;91;133m[48;2;25;90;131m▀[38;2;26;92;134m[48;2;26;91;132m▀[38;2;26;93;134m[48;2;26;92;133m▀[38;2;26;94;135m[48;2;26;92;134m▀[38;2;41;141;173m[48;2;26;93;135m▀[38;2;41;141;173m[48;2;41;141;173m▀[38;2;27;95;137m[48;2;27;94;136m▀[38;2;27;95;138m[48;2;27;94;136m▀[38;2;27;96;138m[48;2;27;95;137m▀[38;2;27;96;138m[48;2;27;95;137m▀[38;2;27;96;139m[48;2;27;95;137m▀[38;2;70;207;131m[48;2;69;204;129m▀[38;2;70;207;131m[48;2;69;205;129m▀[38;2;70;207;131m[48;2;69;205;130m▀[38;2;70;207;131m[48;2;69;205;130m▀[38;2;70;207;131m[48;2;69;205;130m▀[38;2;70;207;131m[48;2;69;205;130m▀[38;2;70;207;131m[48;2;69;205;129m▀[38;2;70;207;131m[48;2;69;204;129m▀[38;2;70;206;130m[48;2;69;204;129m▀[38;2;70;206;130m[48;2;68;203;129m▀[38;2;69;205;130m[48;2;68;203;128m▀[38;2;69;204;129m[48;2;27;94;136m▀[38;2;27;95;137m[48;2;27;94;136m▀[38;2;27;95;137m[48;2;26;94;135m▀[38;2;27;94;136m[48;2;26;93;135m▀[38;2;26;94;135m[48;2;66;197;124m▀[38;2;66;198;125m[48;2;65;195;123m▀[38;2;65;197;124m[48;2;26;91;132m▀[38;2;26;91;133m[48;2;25;90;131m▀[38;2;25;90;131m[48;2;25;89;130m▀[38;2;25;90;130m[48;2;25;88;129m▀[38;2;25;88;129m[48;2;24;87;127m▀[38;2;41;140;172m[48;2;24;86;125m▀[38;2;24;86;126m[48;2;23;84;123m▀[38;2;24;84;124m[48;2;23;82;121m▀[38;2;23;82;121m[48;2;40;139;170m▀[38;2;22;80;118m[48;2;40;139;170m▀[38;2;21;77;114m[48;2;20;73;110m▀[38;2;40;138;169m[48;2;0;0;0m▀      [0m
        [38;2;20;73;110m[48;2;0;0;0m▀[38;2;21;77;115m[48;2;20;73;109m▀[38;2;40;139;170m[48;2;21;77;114m▀[38;2;40;139;171m[48;2;40;139;170m▀[38;2;40;140;171m[48;2;23;81;120m▀[38;2;24;85;125m[48;2;23;83;123m▀[38;2;24;87;127m[48;2;41;140;171m▀[38;2;25;88;128m[48;2;41;140;171m▀[38;2;25;89;129m[48;2;41;140;172m▀[38;2;25;90;130m[48;2;41;140;172m▀[38;2;25;90;131m[48;2;25;89;130m▀[38;2;26;91;132m[48;2;25;90;131m▀[38;2;26;92;133m[48;2;25;90;131m▀[38;2;41;141;173m[48;2;41;141;172m▀[38;2;26;93;134m[48;2;26;92;133m▀[38;2;26;93;135m[48;2;26;92;133m▀[38;2;26;94;135m[48;2;26;92;134m▀[38;2;27;94;136m[48;2;26;93;134m▀[38;2;27;94;136m[48;2;26;93;135m▀[38;2;27;94;136m[48;2;26;93;135m▀[38;2;68;202;128m[48;2;26;93;135m▀[38;2;68;202;128m[48;2;67;200;126m▀[38;2;68;203;128m[48;2;67;200;126m▀[38;2;68;203;128m[48;2;67;200;126m▀[38;2;68;202;128m[48;2;67;200;126m▀[38;2;68;202;128m[48;2;67;199;126m▀[38;2;68;202;128m[48;2;66;199;126m▀[38;2;67;201;127m[48;2;66;198;125m▀[38;2;67;201;127m[48;2;66;198;125m▀[38;2;67;200;126m[48;2;26;92;134m▀[38;2;26;93;135m[48;2;26;92;133m▀[38;2;26;93;134m[48;2;26;92;133m▀[38;2;26;92;134m[48;2;26;91;132m▀[38;2;26;92;133m[48;2;25;90;131m▀[38;2;26;91;132m[48;2;25;90;131m▀[38;2;25;90;131m[48;2;25;89;130m▀[38;2;25;90;130m[48;2;41;140;172m▀[38;2;25;89;129m[48;2;41;140;172m▀[38;2;25;88;128m[48;2;41;140;171m▀[38;2;24;87;127m[48;2;41;140;171m▀[38;2;41;140;171m[48;2;23;83;123m▀[38;2;40;140;171m[48;2;23;81;120m▀[38;2;40;139;171m[48;2;22;79;118m▀[38;2;40;139;170m[48;2;21;77;114m▀[38;2;21;77;115m[48;2;20;73;109m▀[38;2;20;73;110m[48;2;0;0;0m▀        [0m
          [38;2;20;72;108m[48;2;0;0;0m▀[38;2;21;76;114m[48;2;19;70;106m▀[38;2;22;79;117m[48;2;21;75;112m▀[38;2;23;81;120m[48;2;22;78;116m▀[38;2;23;83;122m[48;2;22;80;118m▀[38;2;24;84;124m[48;2;23;82;121m▀[38;2;24;85;125m[48;2;23;83;122m▀[38;2;24;86;126m[48;2;24;84;124m▀[38;2;25;87;128m[48;2;24;85;125m▀[38;2;25;88;129m[48;2;24;86;126m▀[38;2;41;140;172m[48;2;24;87;127m▀[38;2;41;141;172m[48;2;25;88;128m▀[38;2;41;141;172m[48;2;41;140;172m▀[38;2;41;141;172m[48;2;25;89;130m▀[38;2;41;141;172m[48;2;25;89;130m▀[38;2;41;141;172m[48;2;25;90;131m▀[38;2;41;141;172m[48;2;25;90;131m▀[38;2;41;141;172m[48;2;25;90;131m▀[38;2;41;141;172m[48;2;26;91;132m▀[38;2;41;141;173m[48;2;26;91;132m▀[38;2;65;197;124m[48;2;64;193;122m▀[38;2;65;197;124m[48;2;64;193;122m▀[38;2;65;196;124m[48;2;64;193;122m▀[38;2;65;196;124m[48;2;64;193;122m▀[38;2;65;196;124m[48;2;63;192;121m▀[38;2;65;195;123m[48;2;41;141;172m▀[38;2;41;141;172m[48;2;25;90;131m▀[38;2;41;141;172m[48;2;25;89;130m▀[38;2;41;141;172m[48;2;25;89;130m▀[38;2;41;141;172m[48;2;25;88;129m▀[38;2;41;141;172m[48;2;25;88;128m▀[38;2;41;140;172m[48;2;24;87;127m▀[38;2;25;88;129m[48;2;24;86;126m▀[38;2;25;87;128m[48;2;24;85;125m▀[38;2;24;86;126m[48;2;24;84;124m▀[38;2;24;85;125m[48;2;23;83;122m▀[38;2;24;84;124m[48;2;40;139;171m▀[38;2;40;139;171m[48;2;22;80;118m▀[38;2;23;81;120m[48;2;22;78;116m▀[38;2;22;79;117m[48;2;21;75;112m▀[38;2;21;76;114m[48;2;19;70;106m▀[38;2;20;72;108m[48;2;0;0;0m▀          [0m
             [38;2;20;73;110m[48;2;0;0;0m▀[38;2;21;76;114m[48;2;19;69;105m▀[38;2;22;78;117m[48;2;20;74;111m▀[38;2;22;80;119m[48;2;21;77;114m▀[38;2;23;82;121m[48;2;22;79;117m▀[38;2;23;83;122m[48;2;22;80;119m▀[38;2;24;84;124m[48;2;23;81;120m▀[38;2;24;85;125m[48;2;23;83;122m▀[38;2;24;86;126m[48;2;23;83;123m▀[38;2;41;140;172m[48;2;41;140;171m▀[38;2;24;87;127m[48;2;24;85;125m▀[38;2;25;88;128m[48;2;24;86;125m▀[38;2;25;88;128m[48;2;24;86;126m▀[38;2;25;88;129m[48;2;24;86;126m▀[38;2;25;89;129m[48;2;24;87;127m▀[38;2;25;89;129m[48;2;24;87;127m▀[38;2;25;89;130m[48;2;24;87;127m▀[38;2;25;89;130m[48;2;24;87;127m▀[38;2;25;89;130m[48;2;24;87;127m▀[38;2;25;89;130m[48;2;24;87;127m▀[38;2;25;89;129m[48;2;24;87;127m▀[38;2;25;89;129m[48;2;24;87;127m▀[38;2;41;140;172m[48;2;41;140;171m▀[38;2;25;88;128m[48;2;24;86;126m▀[38;2;25;88;128m[48;2;24;86;125m▀[38;2;24;87;127m[48;2;24;85;125m▀[38;2;24;87;127m[48;2;24;84;124m▀[38;2;24;86;126m[48;2;23;83;123m▀[38;2;24;85;125m[48;2;23;83;122m▀[38;2;24;84;124m[48;2;23;81;120m▀[38;2;23;83;122m[48;2;22;80;119m▀[38;2;23;82;121m[48;2;22;79;117m▀[38;2;22;80;119m[48;2;21;77;114m▀[38;2;22;78;117m[48;2;20;74;111m▀[38;2;21;76;114m[48;2;19;69;105m▀[38;2;20;73;110m[48;2;0;0;0m▀             [0m
                [38;2;40;138;168m[48;2;0;0;0m▀[38;2;20;74;111m[48;2;0;0;0m▀[38;2;21;76;114m[48;2;19;68;104m▀[38;2;22;78;116m[48;2;20;72;109m▀[38;2;22;79;118m[48;2;21;75;112m▀[38;2;22;81;119m[48;2;21;77;114m▀[38;2;23;82;120m[48;2;22;78;116m▀[38;2;40;139;171m[48;2;22;79;117m▀[38;2;23;83;122m[48;2;22;80;118m▀[38;2;23;84;123m[48;2;22;80;119m▀[38;2;23;84;123m[48;2;23;81;120m▀[38;2;24;84;124m[48;2;23;81;120m▀[38;2;24;85;124m[48;2;23;82;121m▀[38;2;24;85;124m[48;2;23;82;121m▀[38;2;24;85;125m[48;2;23;82;121m▀[38;2;24;85;125m[48;2;23;82;121m▀[38;2;24;85;124m[48;2;23;82;121m▀[38;2;24;85;124m[48;2;23;82;121m▀[38;2;41;140;171m[48;2;40;139;171m▀[38;2;23;84;123m[48;2;23;81;120m▀[38;2;23;84;123m[48;2;22;80;119m▀[38;2;23;83;122m[48;2;22;80;118m▀[38;2;23;82;121m[48;2;22;79;117m▀[38;2;23;82;120m[48;2;22;78;116m▀[38;2;22;81;119m[48;2;21;77;114m▀[38;2;22;79;118m[48;2;21;75;112m▀[38;2;22;78;116m[48;2;40;138;169m▀[38;2;21;76;114m[48;2;19;68;104m▀[38;2;20;74;111m[48;2;0;0;0m▀[38;2;19;70;106m[48;2;0;0;0m▀                [0m
                     [38;2;40;137;168m[48;2;0;0;0m▀[38;2;20;72;109m[48;2;0;0;0m▀[38;2;20;74;111m[48;2;0;0;0m▀[38;2;21;75;113m[48;2;0;0;0m▀[38;2;21;76;114m[48;2;18;67;102m▀[38;2;21;77;115m[48;2;40;138;168m▀[38;2;22;78;116m[48;2;20;71;108m▀[38;2;22;78;116m[48;2;20;72;109m▀[38;2;22;78;116m[48;2;20;72;109m▀[38;2;22;78;117m[48;2;40;138;169m▀[38;2;22;78;117m[48;2;40;138;169m▀[38;2;22;78;116m[48;2;20;72;109m▀[38;2;22;78;116m[48;2;40;138;169m▀[38;2;40;139;170m[48;2;20;71;108m▀[38;2;21;77;115m[48;2;19;70;106m▀[38;2;21;76;114m[48;2;18;67;102m▀[38;2;21;75;113m[48;2;0;0;0m▀[38;2;20;74;111m[48;2;0;0;0m▀[38;2;20;72;109m[48;2;0;0;0m▀[38;2;40;137;168m[48;2;0;0;0m▀                     [0m

[美洲]
                     [38;2;0;0;0m[48;2;40;141;88m▀[38;2;0;0;0m[48;2;20;72;109m▀[38;2;0;0;0m[48;2;20;74;111m▀[38;2;0;0;0m[48;2;40;138;169m▀[38;2;38;136;85m[48;2;21;76;114m▀[38;2;19;70;106m[48;2;21;77;115m▀[38;2;20;71;108m[48;2;22;78;116m▀[38;2;20;72;109m[48;2;22;78;116m▀[38;2;20;72;109m[48;2;22;78;116m▀[38;2;20;73;110m[48;2;51;164;103m▀[38;2;20;73;110m[48;2;51;164;103m▀[38;2;20;72;109m[48;2;22;78;116m▀[38;2;20;72;109m[48;2;22;78;116m▀[38;2;20;71;108m[48;2;22;78;116m▀[38;2;41;143;89m[48;2;21;77;115m▀[38;2;18;67;102m[48;2;21;76;114m▀[38;2;0;0;0m[48;2;40;138;169m▀[38;2;0;0;0m[48;2;20;74;111m▀[38;2;0;0;0m[48;2;20;72;109m▀[38;2;0;0;0m[48;2;19;69;105m▀                     [0m
                [38;2;150;138;60m[48;2;150;138;60m▀[38;2;0;0;0m[48;2;20;74;111m▀[38;2;39;139;87m[48;2;21;76;114m▀[38;2;44;149;94m[48;2;50;163;102m▀[38;2;21;75;112m[48;2;52;166;104m▀[38;2;21;77;114m[48;2;40;139;170m▀[38;2;22;78;116m[48;2;23;82;120m▀[38;2;22;79;117m[48;2;23;82;121m▀[38;2;40;139;170m[48;2;23;83;122m▀[38;2;22;80;119m[48;2;23;84;123m▀[38;2;23;81;120m[48;2;23;84;123m▀[38;2;23;81;120m[48;2;24;84;124m▀[38;2;23;82;121m[48;2;24;85;124m▀[38;2;23;82;121m[48;2;57;179;113m▀[38;2;23;82;121m[48;2;57;179;113m▀[38;2;23;82;121m[48;2;24;85;125m▀[38;2;23;82;121m[48;2;57;179;113m▀[38;2;54;172;108m[48;2;57;178;112m▀[38;2;54;171;108m[48;2;57;178;112m▀[38;2;23;81;120m[48;2;56;177;111m▀[38;2;22;80;119m[48;2;56;176;111m▀[38;2;40;139;170m[48;2;55;175;110m▀[38;2;22;79;117m[48;2;23;82;121m▀[38;2;22;78;116m[48;2;23;82;120m▀[38;2;21;77;114m[48;2;40;139;170m▀[38;2;47;155;97m[48;2;22;79;118m▀[38;2;44;149;94m[48;2;22;78;116m▀[38;2;39;139;87m[48;2;48;158;99m▀[38;2;0;0;0m[48;2;45;153;96m▀[38;2;240;222;96m[48;2;240;222;96m▀                [0m
             [38;2;0;0;0m[48;2;20;73;110m▀[38;2;240;222;96m[48;2;240;222;96m▀[38;2;240;222;96m[48;2;51;164;103m▀[38;2;48;159;100m[48;2;52;168;106m▀[38;2;51;164;103m[48;2;54;172;108m▀[38;2;52;168;106m[48;2;55;175;110m▀[38;2;54;171;108m[48;2;57;177;112m▀[38;2;55;174;109m[48;2;58;179;113m▀[38;2;56;176;111m[48;2;58;181;114m▀[38;2;24;84;124m[48;2;59;183;115m▀[38;2;24;85;125m[48;2;60;184;116m▀[38;2;41;140;171m[48;2;60;186;117m▀[38;2;24;86;126m[48;2;61;187;118m▀[38;2;59;183;115m[48;2;25;88;129m▀[38;2;24;87;127m[48;2;61;188;119m▀[38;2;24;87;127m[48;2;62;189;119m▀[38;2;24;87;127m[48;2;62;189;119m▀[38;2;24;87;127m[48;2;62;189;119m▀[38;2;24;87;127m[48;2;62;189;119m▀[38;2;24;87;127m[48;2;25;89;130m▀[38;2;24;87;127m[48;2;41;140;172m▀[38;2;59;183;116m[48;2;25;89;129m▀[38;2;59;183;115m[48;2;61;187;118m▀[38;2;59;182;115m[48;2;61;187;118m▀[38;2;58;181;114m[48;2;60;186;117m▀[38;2;58;179;113m[48;2;24;87;127m▀[38;2;24;84;124m[48;2;24;87;127m▀[38;2;23;83;123m[48;2;24;86;126m▀[38;2;23;83;122m[48;2;24;85;125m▀[38;2;23;81;120m[48;2;24;84;124m▀[38;2;22;80;119m[48;2;23;83;122m▀[38;2;22;79;117m[48;2;23;82;121m▀[38;2;48;159;100m[48;2;22;80;119m▀[38;2;240;222;96m[48;2;51;164;103m▀[38;2;240;222;96m[48;2;150;138;60m▀[38;2;150;138;60m[48;2;150;138;60m▀             [0m
          [38;2;0;0;0m[48;2;20;72;108m▀[38;2;19;70;106m[48;2;21;76;114m▀[38;2;46;155;97m[48;2;22;79;117m▀[38;2;150;138;60m[48;2;150;138;60m▀[38;2;150;138;60m[48;2;23;83;122m▀[38;2;40;139;171m[48;2;24;84;124m▀[38;2;40;139;171m[48;2;24;85;125m▀[38;2;57;178;112m[48;2;59;183;115m▀[38;2;58;180;114m[48;2;60;185;117m▀[38;2;59;182;115m[48;2;61;187;118m▀[38;2;60;184;116m[48;2;62;189;119m▀[38;2;61;186;117m[48;2;62;190;120m▀[38;2;61;188;118m[48;2;63;192;121m▀[38;2;62;189;119m[48;2;64;193;122m▀[38;2;62;190;120m[48;2;64;194;122m▀[38;2;63;191;120m[48;2;64;195;123m▀[38;2;63;192;121m[48;2;65;195;123m▀[38;2;63;192;121m[48;2;65;196;124m▀[38;2;64;193;122m[48;2;65;196;124m▀[38;2;64;193;122m[48;2;26;92;134m▀[38;2;26;91;132m[48;2;65;197;124m▀[38;2;64;193;122m[48;2;65;197;124m▀[38;2;64;193;122m[48;2;65;196;124m▀[38;2;26;91;132m[48;2;26;92;133m▀[38;2;25;90;131m[48;2;41;141;172m▀[38;2;63;192;121m[48;2;26;92;133m▀[38;2;63;191;120m[48;2;64;195;123m▀[38;2;62;190;120m[48;2;64;194;122m▀[38;2;62;189;119m[48;2;64;193;122m▀[38;2;25;88;129m[48;2;25;90;131m▀[38;2;41;140;172m[48;2;25;90;130m▀[38;2;24;87;127m[48;2;41;140;172m▀[38;2;59;182;115m[48;2;41;140;172m▀[38;2;24;85;125m[48;2;41;140;172m▀[38;2;41;140;171m[48;2;240;222;96m▀[38;2;40;139;171m[48;2;240;222;96m▀[38;2;40;139;171m[48;2;150;138;60m▀[38;2;22;80;118m[48;2;150;138;60m▀[38;2;150;138;60m[48;2;150;138;60m▀[38;2;255;92;92m[48;2;255;92;92m▀[38;2;41;143;89m[48;2;48;158;99m▀[38;2;0;0;0m[48;2;43;148;92m▀          [0m
        [38;2;0;0;0m[48;2;20;73;110m▀[38;2;20;73;109m[48;2;21;77;115m▀[38;2;21;77;114m[48;2;22;80;118m▀[38;2;22;79;118m[48;2;23;82;121m▀[38;2;40;139;171m[48;2;23;84;123m▀[38;2;240;222;96m[48;2;240;222;96m▀[38;2;24;85;124m[48;2;24;87;127m▀[38;2;24;86;126m[48;2;25;88;128m▀[38;2;60;184;116m[48;2;62;188;119m▀[38;2;61;187;118m[48;2;63;190;120m▀[38;2;62;189;119m[48;2;63;192;121m▀[38;2;63;191;120m[48;2;64;194;123m▀[38;2;63;192;121m[48;2;65;196;123m▀[38;2;64;194;122m[48;2;65;197;124m▀[38;2;65;195;123m[48;2;66;198;125m▀[38;2;65;196;124m[48;2;26;93;135m▀[38;2;66;197;124m[48;2;67;200;126m▀[38;2;66;198;125m[48;2;67;201;127m▀[38;2;26;93;135m[48;2;41;141;173m▀[38;2;41;141;173m[48;2;41;141;173m▀[38;2;26;93;135m[48;2;41;141;173m▀[38;2;26;93;135m[48;2;41;141;173m▀[38;2;26;94;135m[48;2;68;203;128m▀[38;2;26;94;135m[48;2;68;203;128m▀[38;2;26;93;135m[48;2;68;202;128m▀[38;2;26;93;135m[48;2;68;202;128m▀[38;2;41;141;173m[48;2;41;141;173m▀[38;2;26;93;135m[48;2;41;141;173m▀[38;2;26;93;134m[48;2;27;94;136m▀[38;2;41;141;173m[48;2;26;94;135m▀[38;2;65;196;124m[48;2;26;93;135m▀[38;2;41;141;172m[48;2;26;93;134m▀[38;2;41;141;172m[48;2;26;92;134m▀[38;2;41;141;172m[48;2;240;222;96m▀[38;2;150;138;60m[48;2;150;138;60m▀[38;2;150;138;60m[48;2;41;141;172m▀[38;2;240;222;96m[48;2;25;90;130m▀[38;2;24;87;127m[48;2;25;89;129m▀[38;2;24;86;126m[48;2;25;88;128m▀[38;2;24;85;124m[48;2;24;87;127m▀[38;2;23;83;123m[48;2;24;85;125m▀[38;2;255;92;92m[48;2;255;92;92m▀[38;2;52;166;104m[48;2;54;172;108m▀[38;2;49;159;100m[48;2;52;167;105m▀[38;2;44;150;94m[48;2;49;160;101m▀[38;2;0;0;0m[48;2;45;151;94m▀        [0m
      [38;2;0;0;0m[48;2;20;72;109m▀[38;2;20;73;110m[48;2;21;77;114m▀[38;2;21;77;115m[48;2;22;80;118m▀[38;2;22;80;118m[48;2;23;82;121m▀[38;2;23;82;121m[48;2;24;84;124m▀[38;2;23;84;123m[48;2;24;86;126m▀[38;2;240;222;96m[48;2;240;222;96m▀[38;2;24;87;127m[48;2;25;88;129m▀[38;2;25;88;129m[48;2;25;90;130m▀[38;2;62;189;119m[48;2;25;90;131m▀[38;2;63;192;121m[48;2;64;195;123m▀[38;2;64;194;122m[48;2;65;197;124m▀[38;2;65;195;123m[48;2;66;198;125m▀[38;2;66;197;124m[48;2;67;200;126m▀[38;2;66;198;125m[48;2;67;201;127m▀[38;2;67;200;126m[48;2;68;202;128m▀[38;2;67;201;127m[48;2;68;203;129m▀[38;2;68;202;128m[48;2;69;204;129m▀[38;2;68;203;128m[48;2;69;205;130m▀[38;2;68;203;129m[48;2;70;206;130m▀[38;2;69;204;129m[48;2;70;206;130m▀[38;2;27;96;138m[48;2;70;207;131m▀[38;2;27;96;138m[48;2;70;207;131m▀[38;2;27;96;138m[48;2;70;207;131m▀[38;2;69;205;130m[48;2;70;207;131m▀[38;2;69;205;130m[48;2;70;207;131m▀[38;2;69;205;130m[48;2;70;207;131m▀[38;2;69;205;129m[48;2;70;207;131m▀[38;2;69;204;129m[48;2;70;207;131m▀[38;2;41;141;173m[48;2;70;206;130m▀[38;2;27;95;137m[48;2;70;206;130m▀[38;2;27;95;137m[48;2;27;96;138m▀[38;2;27;94;136m[48;2;150;138;60m▀[38;2;240;222;96m[48;2;240;222;96m▀[38;2;240;222;96m[48;2;27;95;137m▀[38;2;26;93;135m[48;2;27;94;136m▀[38;2;26;92;134m[48;2;26;94;135m▀[38;2;26;92;133m[48;2;26;93;134m▀[38;2;41;141;172m[48;2;26;92;134m▀[38;2;25;90;131m[48;2;26;91;133m▀[38;2;25;89;130m[48;2;25;90;131m▀[38;2;25;88;129m[48;2;25;90;130m▀[38;2;24;87;127m[48;2;25;88;129m▀[38;2;24;86;125m[48;2;24;87;127m▀[38;2;23;84;123m[48;2;24;86;126m▀[38;2;54;173;109m[48;2;24;84;124m▀[38;2;52;167;105m[48;2;54;173;109m▀[38;2;21;77;115m[48;2;52;167;105m▀[38;2;44;150;94m[48;2;49;160;100m▀[38;2;0;0;0m[48;2;20;72;109m▀      [0m
    [38;2;0;0;0m[48;2;40;137;168m▀[38;2;19;70;106m[48;2;21;75;112m▀[38;2;21;76;114m[48;2;22;79;117m▀[38;2;22;79;118m[48;2;40;139;171m▀[38;2;23;82;121m[48;2;23;84;123m▀[38;2;23;84;123m[48;2;24;85;125m▀[38;2;24;86;126m[48;2;24;87;127m▀[38;2;24;87;127m[48;2;25;88;129m▀[38;2;150;138;60m[48;2;150;138;60m▀[38;2;25;90;130m[48;2;26;91;132m▀[38;2;26;91;132m[48;2;65;196;123m▀[38;2;65;195;123m[48;2;66;198;125m▀[38;2;66;197;125m[48;2;67;200;126m▀[38;2;66;199;126m[48;2;67;201;127m▀[38;2;67;201;127m[48;2;68;203;128m▀[38;2;68;202;128m[48;2;69;204;129m▀[38;2;68;203;129m[48;2;69;206;130m▀[38;2;69;205;129m[48;2;70;207;131m▀[38;2;69;206;130m[48;2;70;208;131m▀[38;2;70;207;131m[48;2;71;209;132m▀[38;2;70;207;131m[48;2;71;209;132m▀[38;2;70;208;131m[48;2;71;210;133m▀[38;2;71;208;132m[48;2;28;98;141m▀[38;2;71;209;132m[48;2;72;211;133m▀[38;2;71;209;132m[48;2;72;211;134m▀[38;2;71;209;132m[48;2;72;211;134m▀[38;2;71;210;133m[48;2;72;211;134m▀[38;2;71;210;133m[48;2;72;211;134m▀[38;2;71;209;132m[48;2;72;211;134m▀[38;2;71;209;132m[48;2;72;211;134m▀[38;2;71;209;132m[48;2;72;211;133m▀[38;2;71;208;132m[48;2;240;222;96m▀[38;2;150;138;60m[48;2;240;222;96m▀[38;2;150;138;60m[48;2;71;209;132m▀[38;2;150;138;60m[48;2;71;209;132m▀[38;2;27;96;138m[48;2;27;97;139m▀[38;2;27;96;138m[48;2;27;96;139m▀[38;2;27;95;137m[48;2;27;96;138m▀[38;2;27;95;136m[48;2;27;95;138m▀[38;2;27;94;136m[48;2;27;95;137m▀[38;2;26;93;135m[48;2;27;94;136m▀[38;2;41;141;173m[48;2;26;93;135m▀[38;2;26;92;133m[48;2;41;141;173m▀[38;2;26;91;132m[48;2;26;92;133m▀[38;2;25;90;130m[48;2;26;91;132m▀[38;2;25;89;129m[48;2;25;90;131m▀[38;2;24;87;127m[48;2;25;88;129m▀[38;2;24;86;126m[48;2;24;87;127m▀[38;2;56;177;111m[48;2;24;85;125m▀[38;2;54;172;108m[48;2;56;176;111m▀[38;2;22;79;118m[48;2;40;139;171m▀[38;2;21;76;114m[48;2;51;164;103m▀[38;2;19;70;106m[48;2;47;155;97m▀[38;2;0;0;0m[48;2;36;132;83m▀    [0m
   [38;2;0;0;0m[48;2;19;70;106m▀[38;2;40;138;169m[48;2;40;138;170m▀[38;2;22;78;116m[48;2;22;80;118m▀[38;2;40;139;170m[48;2;23;82;121m▀[38;2;23;83;122m[48;2;24;84;124m▀[38;2;24;85;125m[48;2;24;86;126m▀[38;2;24;87;127m[48;2;25;88;128m▀[38;2;25;88;129m[48;2;25;89;130m▀[38;2;25;90;130m[48;2;26;91;132m▀[38;2;150;138;60m[48;2;150;138;60m▀[38;2;26;92;133m[48;2;66;198;125m▀[38;2;66;198;125m[48;2;67;200;126m▀[38;2;67;200;126m[48;2;68;202;128m▀[38;2;68;202;127m[48;2;69;204;129m▀[38;2;68;203;129m[48;2;69;205;130m▀[38;2;69;205;129m[48;2;70;207;131m▀[38;2;70;206;130m[48;2;71;208;132m▀[38;2;70;207;131m[48;2;71;209;132m▀[38;2;71;209;132m[48;2;72;210;133m▀[38;2;71;210;132m[48;2;72;211;134m▀[38;2;72;210;133m[48;2;72;212;134m▀[38;2;72;211;133m[48;2;73;213;135m▀[38;2;72;212;134m[48;2;73;213;135m▀[38;2;72;212;134m[48;2;28;99;142m▀[38;2;73;213;134m[48;2;73;214;135m▀[38;2;73;213;135m[48;2;28;100;143m▀[38;2;73;213;135m[48;2;74;215;136m▀[38;2;73;213;135m[48;2;74;215;136m▀[38;2;73;213;135m[48;2;74;215;136m▀[38;2;73;213;135m[48;2;150;138;60m▀[38;2;73;213;135m[48;2;240;222;96m▀[38;2;240;222;96m[48;2;240;222;96m▀[38;2;240;222;96m[48;2;73;214;135m▀[38;2;72;212;134m[48;2;41;142;174m▀[38;2;28;98;141m[48;2;28;99;142m▀[38;2;28;98;141m[48;2;28;99;142m▀[38;2;28;98;140m[48;2;28;98;141m▀[38;2;28;97;140m[48;2;28;98;141m▀[38;2;27;97;139m[48;2;28;97;140m▀[38;2;27;96;139m[48;2;28;97;140m▀[38;2;27;96;138m[48;2;27;96;139m▀[38;2;27;95;137m[48;2;27;96;138m▀[38;2;27;94;136m[48;2;27;95;137m▀[38;2;26;94;135m[48;2;27;94;136m▀[38;2;41;141;173m[48;2;41;141;173m▀[38;2;26;92;133m[48;2;26;93;134m▀[38;2;26;91;132m[48;2;26;92;133m▀[38;2;25;90;130m[48;2;26;91;132m▀[38;2;25;88;129m[48;2;25;89;130m▀[38;2;24;87;127m[48;2;25;88;128m▀[38;2;58;180;113m[48;2;24;86;126m▀[38;2;23;83;122m[48;2;24;84;124m▀[38;2;53;169;106m[48;2;55;173;109m▀[38;2;50;162;102m[48;2;52;167;105m▀[38;2;45;151;94m[48;2;48;158;99m▀[38;2;0;0;0m[48;2;41;142;89m▀   [0m
  [38;2;0;0;0m[48;2;19;70;106m▀[38;2;20;74;111m[48;2;21;76;114m▀[38;2;40;139;170m[48;2;40;139;170m▀[38;2;40;139;171m[48;2;40;139;171m▀[38;2;23;84;123m[48;2;41;140;171m▀[38;2;24;86;126m[48;2;24;87;127m▀[38;2;25;87;128m[48;2;25;88;129m▀[38;2;25;89;130m[48;2;25;90;131m▀[38;2;25;90;131m[48;2;26;91;132m▀[38;2;26;91;133m[48;2;26;92;134m▀[38;2;255;92;92m[48;2;255;92;92m▀[38;2;67;200;126m[48;2;67;201;127m▀[38;2;68;202;127m[48;2;68;203;128m▀[38;2;69;204;129m[48;2;69;205;130m▀[38;2;69;205;130m[48;2;70;207;131m▀[38;2;70;207;131m[48;2;71;208;132m▀[38;2;71;208;132m[48;2;71;210;133m▀[38;2;71;210;133m[48;2;72;211;133m▀[38;2;72;211;133m[48;2;72;212;134m▀[38;2;72;212;134m[48;2;73;213;135m▀[38;2;73;213;135m[48;2;73;214;135m▀[38;2;73;213;135m[48;2;74;215;136m▀[38;2;73;214;135m[48;2;74;215;136m▀[38;2;74;215;136m[48;2;74;216;137m▀[38;2;74;215;136m[48;2;74;217;137m▀[38;2;74;216;136m[48;2;75;217;137m▀[38;2;29;100;144m[48;2;75;217;137m▀[38;2;74;216;137m[48;2;75;217;138m▀[38;2;74;216;137m[48;2;75;217;138m▀[38;2;255;92;92m[48;2;255;92;92m▀[38;2;150;138;60m[48;2;29;101;144m▀[38;2;29;100;144m[48;2;29;101;144m▀[38;2;28;100;143m[48;2;29;101;144m▀[38;2;28;100;143m[48;2;29;101;144m▀[38;2;41;142;174m[48;2;29;100;144m▀[38;2;28;100;143m[48;2;41;142;174m▀[38;2;28;99;142m[48;2;28;100;143m▀[38;2;28;99;142m[48;2;28;100;143m▀[38;2;28;99;141m[48;2;28;99;142m▀[38;2;28;98;141m[48;2;28;99;142m▀[38;2;28;98;140m[48;2;28;98;141m▀[38;2;28;97;140m[48;2;28;98;140m▀[38;2;27;97;139m[48;2;28;97;140m▀[38;2;27;96;138m[48;2;27;97;139m▀[38;2;27;95;137m[48;2;27;96;138m▀[38;2;27;94;136m[48;2;27;95;137m▀[38;2;41;141;173m[48;2;41;141;173m▀[38;2;26;93;134m[48;2;26;93;135m▀[38;2;26;91;133m[48;2;26;92;134m▀[38;2;25;90;131m[48;2;26;91;132m▀[38;2;25;89;130m[48;2;25;90;131m▀[38;2;25;87;128m[48;2;25;88;129m▀[38;2;24;86;126m[48;2;24;87;127m▀[38;2;56;176;111m[48;2;57;179;113m▀[38;2;54;171;107m[48;2;55;174;109m▀[38;2;50;163;103m[48;2;52;167;105m▀[38;2;45;153;96m[48;2;48;158;100m▀[38;2;0;0;0m[48;2;41;143;89m▀  [0m
 [38;2;0;0;0m[48;2;18;66;101m▀[38;2;20;73;110m[48;2;21;75;113m▀[38;2;22;78;116m[48;2;40;139;170m▀[38;2;23;81;120m[48;2;23;82;122m▀[38;2;23;84;123m[48;2;24;85;124m▀[38;2;41;140;171m[48;2;24;87;127m▀[38;2;41;140;172m[48;2;25;88;129m▀[38;2;41;140;172m[48;2;25;90;131m▀[38;2;41;141;172m[48;2;41;141;172m▀[38;2;26;92;133m[48;2;41;141;173m▀[38;2;26;93;134m[48;2;41;141;173m▀[38;2;41;141;173m[48;2;41;141;173m▀[38;2;68;203;128m[48;2;69;204;129m▀[38;2;69;205;129m[48;2;70;206;130m▀[38;2;70;207;131m[48;2;70;208;131m▀[38;2;71;208;132m[48;2;71;209;132m▀[38;2;71;210;133m[48;2;72;211;133m▀[38;2;72;211;133m[48;2;72;212;134m▀[38;2;72;212;134m[48;2;73;213;135m▀[38;2;73;213;135m[48;2;73;214;136m▀[38;2;73;214;136m[48;2;74;215;136m▀[38;2;74;215;136m[48;2;74;216;137m▀[38;2;74;216;137m[48;2;75;217;137m▀[38;2;74;217;137m[48;2;75;218;138m▀[38;2;75;217;137m[48;2;75;218;138m▀[38;2;75;218;138m[48;2;75;219;138m▀[38;2;75;218;138m[48;2;75;219;139m▀[38;2;75;218;138m[48;2;76;219;139m▀[38;2;75;218;138m[48;2;76;220;139m▀[38;2;75;219;138m[48;2;76;220;139m▀[38;2;29;101;145m[48;2;29;102;145m▀[38;2;29;101;145m[48;2;29;102;145m▀[38;2;29;101;145m[48;2;29;102;145m▀[38;2;29;101;145m[48;2;29;102;145m▀[38;2;29;101;144m[48;2;29;101;145m▀[38;2;29;101;144m[48;2;29;101;145m▀[38;2;41;142;174m[48;2;41;142;174m▀[38;2;29;100;144m[48;2;29;101;144m▀[38;2;28;100;143m[48;2;29;100;144m▀[38;2;28;100;143m[48;2;28;100;143m▀[38;2;28;99;142m[48;2;28;100;143m▀[38;2;28;99;142m[48;2;28;99;142m▀[38;2;28;98;141m[48;2;28;99;142m▀[38;2;28;98;140m[48;2;28;98;141m▀[38;2;28;97;140m[48;2;28;98;140m▀[38;2;27;96;139m[48;2;27;97;139m▀[38;2;27;96;138m[48;2;27;96;138m▀[38;2;27;95;137m[48;2;27;95;137m▀[38;2;41;141;173m[48;2;41;141;173m▀[38;2;26;93;134m[48;2;41;141;173m▀[38;2;26;92;133m[48;2;41;141;173m▀[38;2;41;141;172m[48;2;41;141;172m▀[38;2;41;140;172m[48;2;25;90;131m▀[38;2;41;140;172m[48;2;25;88;129m▀[38;2;58;181;114m[48;2;59;183;116m▀[38;2;56;176;111m[48;2;57;179;113m▀[38;2;54;170;107m[48;2;55;173;109m▀[38;2;50;163;102m[48;2;52;166;105m▀[38;2;45;151;95m[48;2;47;157;98m▀[38;2;0;0;0m[48;2;37;134;84m▀ [0m
 [38;2;20;71;108m[48;2;20;73;110m▀[38;2;21;77;115m[48;2;40;139;170m▀[38;2;22;81;119m[48;2;23;82;120m▀[38;2;23;83;123m[48;2;24;84;124m▀[38;2;24;86;125m[48;2;24;86;126m▀[38;2;25;87;128m[48;2;25;88;128m▀[38;2;25;89;130m[48;2;25;90;130m▀[38;2;25;90;131m[48;2;26;91;132m▀[38;2;26;92;133m[48;2;26;92;134m▀[38;2;26;93;134m[48;2;26;93;135m▀[38;2;41;141;173m[48;2;41;141;173m▀[38;2;41;141;173m[48;2;27;95;137m▀[38;2;41;141;173m[48;2;70;206;130m▀[38;2;41;142;173m[48;2;27;97;139m▀[38;2;71;209;132m[48;2;71;210;133m▀[38;2;72;210;133m[48;2;72;211;134m▀[38;2;72;212;134m[48;2;73;213;135m▀[38;2;73;213;135m[48;2;73;214;135m▀[38;2;73;214;136m[48;2;74;215;136m▀[38;2;74;215;136m[48;2;74;216;137m▀[38;2;74;216;137m[48;2;75;217;137m▀[38;2;75;217;137m[48;2;75;218;138m▀[38;2;75;218;138m[48;2;75;219;138m▀[38;2;75;219;138m[48;2;76;219;139m▀[38;2;76;219;139m[48;2;76;220;139m▀[38;2;76;220;139m[48;2;76;220;139m▀[38;2;76;220;139m[48;2;76;221;140m▀[38;2;76;220;139m[48;2;29;102;146m▀[38;2;29;102;146m[48;2;29;103;146m▀[38;2;29;102;146m[48;2;29;103;146m▀[38;2;29;102;146m[48;2;29;103;146m▀[38;2;29;102;146m[48;2;29;103;146m▀[38;2;29;102;146m[48;2;29;102;146m▀[38;2;29;102;146m[48;2;41;142;174m▀[38;2;29;102;145m[48;2;41;142;174m▀[38;2;29;102;145m[48;2;41;142;174m▀[38;2;41;142;174m[48;2;41;142;174m▀[38;2;29;101;145m[48;2;41;142;174m▀[38;2;29;101;144m[48;2;41;142;174m▀[38;2;29;100;144m[48;2;41;142;174m▀[38;2;28;100;143m[48;2;41;142;174m▀[38;2;28;100;143m[48;2;41;142;174m▀[38;2;28;99;142m[48;2;41;142;174m▀[38;2;28;99;141m[48;2;41;142;174m▀[38;2;41;142;174m[48;2;41;142;174m▀[38;2;41;142;174m[48;2;28;98;140m▀[38;2;41;142;173m[48;2;27;97;139m▀[38;2;41;141;173m[48;2;27;96;139m▀[38;2;41;141;173m[48;2;27;95;137m▀[38;2;41;141;173m[48;2;41;141;173m▀[38;2;26;93;134m[48;2;26;93;135m▀[38;2;26;92;133m[48;2;26;92;134m▀[38;2;25;90;131m[48;2;26;91;132m▀[38;2;25;89;130m[48;2;25;90;130m▀[38;2;60;185;117m[48;2;61;186;118m▀[38;2;58;181;114m[48;2;59;182;115m▀[38;2;56;175;110m[48;2;57;177;112m▀[38;2;53;169;106m[48;2;54;171;108m▀[38;2;49;160;101m[48;2;50;163;103m▀[38;2;43;146;92m[48;2;45;152;95m▀ [0m
[38;2;0;0;0m[48;2;18;68;103m▀[38;2;21;75;112m[48;2;21;76;114m▀[38;2;40;139;170m[48;2;22;80;118m▀[38;2;23;82;121m[48;2;23;83;122m▀[38;2;24;85;124m[48;2;24;85;125m▀[38;2;24;87;127m[48;2;24;87;127m▀[38;2;25;88;129m[48;2;25;89;130m▀[38;2;25;90;131m[48;2;25;90;131m▀[38;2;26;91;133m[48;2;26;92;133m▀[38;2;26;93;134m[48;2;26;93;135m▀[38;2;27;94;136m[48;2;41;141;173m▀[38;2;41;141;173m[48;2;27;95;137m▀[38;2;27;96;138m[48;2;27;96;138m▀[38;2;27;97;139m[48;2;27;97;139m▀[38;2;71;209;132m[48;2;28;98;140m▀[38;2;72;210;133m[48;2;28;98;141m▀[38;2;72;212;134m[48;2;73;213;134m▀[38;2;73;213;135m[48;2;73;214;135m▀[38;2;74;215;136m[48;2;74;215;136m▀[38;2;74;216;137m[48;2;74;216;137m▀[38;2;75;217;137m[48;2;75;217;138m▀[38;2;29;101;145m[48;2;29;101;145m▀[38;2;29;101;145m[48;2;29;102;145m▀[38;2;41;142;174m[48;2;41;142;174m▀[38;2;41;142;174m[48;2;29;102;146m▀[38;2;41;142;174m[48;2;29;102;146m▀[38;2;41;142;174m[48;2;29;103;146m▀[38;2;77;221;140m[48;2;77;222;140m▀[38;2;41;142;175m[48;2;77;222;141m▀[38;2;41;142;175m[48;2;29;103;147m▀[38;2;41;142;175m[48;2;29;103;147m▀[38;2;41;142;175m[48;2;29;103;147m▀[38;2;41;142;175m[48;2;29;103;147m▀[38;2;41;142;175m[48;2;29;103;147m▀[38;2;41;142;174m[48;2;29;103;147m▀[38;2;41;142;174m[48;2;29;103;146m▀[38;2;41;142;174m[48;2;29;102;146m▀[38;2;41;142;174m[48;2;29;102;146m▀[38;2;41;142;174m[48;2;41;142;174m▀[38;2;29;101;145m[48;2;29;102;145m▀[38;2;29;101;145m[48;2;29;101;145m▀[38;2;29;101;144m[48;2;29;101;144m▀[38;2;29;100;144m[48;2;29;101;144m▀[38;2;28;100;143m[48;2;28;100;143m▀[38;2;28;99;142m[48;2;28;100;143m▀[38;2;28;99;142m[48;2;28;99;142m▀[38;2;28;98;141m[48;2;28;98;141m▀[38;2;28;97;140m[48;2;28;98;140m▀[38;2;27;97;139m[48;2;27;97;139m▀[38;2;27;96;138m[48;2;27;96;138m▀[38;2;41;141;173m[48;2;27;95;137m▀[38;2;27;94;136m[48;2;41;141;173m▀[38;2;26;93;134m[48;2;26;93;135m▀[38;2;26;91;133m[48;2;26;92;133m▀[38;2;25;90;131m[48;2;25;90;131m▀[38;2;61;188;118m[48;2;25;89;130m▀[38;2;59;183;116m[48;2;60;185;116m▀[38;2;57;179;113m[48;2;58;180;113m▀[38;2;55;173;109m[48;2;55;174;110m▀[38;2;51;166;104m[48;2;52;167;105m▀[38;2;47;155;97m[48;2;48;158;99m▀[38;2;0;0;0m[48;2;39;138;86m▀[0m
[38;2;19;70;106m[48;2;20;71;108m▀[38;2;21;77;115m[48;2;40;139;170m▀[38;2;22;80;119m[48;2;23;81;120m▀[38;2;23;83;123m[48;2;23;84;123m▀[38;2;24;86;125m[48;2;24;86;126m▀[38;2;25;88;128m[48;2;25;88;128m▀[38;2;25;89;130m[48;2;25;89;130m▀[38;2;26;91;132m[48;2;26;91;132m▀[38;2;26;92;133m[48;2;26;92;134m▀[38;2;26;93;135m[48;2;26;93;135m▀[38;2;41;141;173m[48;2;41;141;173m▀[38;2;27;95;137m[48;2;27;96;138m▀[38;2;27;96;139m[48;2;27;96;139m▀[38;2;28;97;140m[48;2;28;97;140m▀[38;2;28;98;141m[48;2;28;98;141m▀[38;2;28;99;141m[48;2;28;99;142m▀[38;2;73;213;135m[48;2;28;99;142m▀[38;2;73;215;136m[48;2;74;215;136m▀[38;2;74;216;137m[48;2;74;216;137m▀[38;2;75;217;137m[48;2;75;217;137m▀[38;2;29;101;145m[48;2;29;101;145m▀[38;2;29;102;145m[48;2;29;102;145m▀[38;2;29;102;146m[48;2;29;102;146m▀[38;2;41;142;174m[48;2;41;142;174m▀[38;2;29;102;146m[48;2;29;103;146m▀[38;2;29;103;146m[48;2;29;103;147m▀[38;2;29;103;147m[48;2;29;103;147m▀[38;2;29;103;147m[48;2;29;103;147m▀[38;2;77;223;141m[48;2;29;103;147m▀[38;2;77;223;141m[48;2;29;103;147m▀[38;2;29;103;147m[48;2;29;103;147m▀[38;2;29;103;147m[48;2;29;103;147m▀[38;2;29;103;147m[48;2;29;103;147m▀[38;2;29;103;147m[48;2;29;103;147m▀[38;2;29;103;147m[48;2;29;103;147m▀[38;2;29;103;147m[48;2;29;103;147m▀[38;2;29;103;146m[48;2;29;103;147m▀[38;2;29;102;146m[48;2;29;103;146m▀[38;2;41;142;174m[48;2;41;142;174m▀[38;2;29;102;146m[48;2;29;102;146m▀[38;2;29;102;145m[48;2;29;102;145m▀[38;2;29;101;145m[48;2;29;101;145m▀[38;2;29;101;144m[48;2;29;101;144m▀[38;2;29;100;144m[48;2;29;100;144m▀[38;2;28;100;143m[48;2;28;100;143m▀[38;2;28;99;142m[48;2;28;99;142m▀[38;2;28;99;141m[48;2;28;99;142m▀[38;2;28;98;141m[48;2;28;98;141m▀[38;2;28;97;140m[48;2;28;97;140m▀[38;2;27;96;139m[48;2;27;96;139m▀[38;2;27;95;137m[48;2;27;96;138m▀[38;2;41;141;173m[48;2;41;141;173m▀[38;2;26;93;135m[48;2;26;93;135m▀[38;2;26;92;133m[48;2;26;92;134m▀[38;2;26;91;132m[48;2;26;91;132m▀[38;2;25;89;130m[48;2;25;89;130m▀[38;2;60;185;117m[48;2;61;186;117m▀[38;2;58;181;114m[48;2;59;181;114m▀[38;2;56;175;110m[48;2;56;176;111m▀[38;2;53;169;106m[48;2;53;170;107m▀[38;2;49;160;100m[48;2;49;161;101m▀[38;2;41;144;90m[48;2;43;147;92m▀[0m
[38;2;20;72;109m[48;2;20;72;109m▀[38;2;40;139;170m[48;2;22;78;116m▀[38;2;23;81;120m[48;2;23;81;120m▀[38;2;23;84;123m[48;2;23;84;123m▀[38;2;24;86;126m[48;2;24;86;126m▀[38;2;25;88;128m[48;2;25;88;128m▀[38;2;25;90;130m[48;2;25;90;130m▀[38;2;26;91;132m[48;2;26;91;132m▀[38;2;26;92;134m[48;2;26;92;134m▀[38;2;41;141;173m[48;2;41;141;173m▀[38;2;27;95;137m[48;2;27;95;137m▀[38;2;27;96;138m[48;2;27;96;138m▀[38;2;27;97;139m[48;2;27;97;139m▀[38;2;28;97;140m[48;2;28;97;140m▀[38;2;28;98;141m[48;2;28;98;141m▀[38;2;28;99;142m[48;2;28;99;142m▀[38;2;28;99;142m[48;2;28;99;143m▀[38;2;74;215;136m[48;2;28;100;143m▀[38;2;74;216;137m[48;2;74;216;137m▀[38;2;75;217;138m[48;2;75;218;138m▀[38;2;75;218;138m[48;2;75;219;138m▀[38;2;29;102;145m[48;2;29;102;145m▀[38;2;29;102;146m[48;2;76;220;139m▀[38;2;76;221;140m[48;2;76;221;140m▀[38;2;77;222;140m[48;2;29;103;147m▀[38;2;29;103;147m[48;2;29;103;147m▀[38;2;29;103;147m[48;2;29;103;147m▀[38;2;29;103;147m[48;2;29;103;147m▀[38;2;77;223;141m[48;2;29;103;147m▀[38;2;77;223;141m[48;2;29;103;147m▀[38;2;29;103;147m[48;2;29;103;147m▀[38;2;29;103;147m[48;2;29;103;147m▀[38;2;29;103;147m[48;2;77;223;141m▀[38;2;29;103;147m[48;2;77;223;141m▀[38;2;29;103;147m[48;2;77;223;141m▀[38;2;29;103;147m[48;2;77;223;141m▀[38;2;29;103;147m[48;2;29;103;147m▀[38;2;29;103;146m[48;2;29;103;147m▀[38;2;41;142;174m[48;2;41;142;174m▀[38;2;29;102;146m[48;2;29;102;146m▀[38;2;29;102;145m[48;2;29;102;145m▀[38;2;29;101;145m[48;2;29;101;145m▀[38;2;29;101;144m[48;2;29;101;144m▀[38;2;29;100;144m[48;2;29;101;144m▀[38;2;28;100;143m[48;2;28;100;143m▀[38;2;28;99;142m[48;2;28;99;143m▀[38;2;28;99;142m[48;2;28;99;142m▀[38;2;28;98;141m[48;2;28;98;141m▀[38;2;28;97;140m[48;2;28;97;140m▀[38;2;27;97;139m[48;2;27;97;139m▀[38;2;27;96;138m[48;2;27;96;138m▀[38;2;27;95;137m[48;2;27;95;137m▀[38;2;41;141;173m[48;2;41;141;173m▀[38;2;26;92;134m[48;2;26;92;134m▀[38;2;26;91;132m[48;2;26;91;132m▀[38;2;25;90;130m[48;2;25;90;130m▀[38;2;25;88;128m[48;2;25;88;128m▀[38;2;59;182;115m[48;2;59;182;115m▀[38;2;56;177;111m[48;2;56;177;111m▀[38;2;53;170;107m[48;2;54;171;107m▀[38;2;50;162;102m[48;2;50;162;102m▀[38;2;44;148;93m[48;2;20;72;109m▀[0m
[38;2;20;72;109m[48;2;40;138;169m▀[38;2;22;78;116m[48;2;22;78;116m▀[38;2;23;81;120m[48;2;23;81;120m▀[38;2;23;84;123m[48;2;23;84;123m▀[38;2;24;86;126m[48;2;24;86;126m▀[38;2;25;88;128m[48;2;25;88;128m▀[38;2;25;90;130m[48;2;25;90;130m▀[38;2;26;91;132m[48;2;26;91;132m▀[38;2;26;92;134m[48;2;26;92;134m▀[38;2;41;141;173m[48;2;41;141;173m▀[38;2;27;95;137m[48;2;27;95;137m▀[38;2;27;96;138m[48;2;27;96;138m▀[38;2;27;97;139m[48;2;27;97;139m▀[38;2;28;97;140m[48;2;28;97;140m▀[38;2;28;98;141m[48;2;28;98;141m▀[38;2;28;99;142m[48;2;28;99;142m▀[38;2;28;99;143m[48;2;28;99;142m▀[38;2;28;100;143m[48;2;28;100;143m▀[38;2;29;101;144m[48;2;29;100;144m▀[38;2;29;101;144m[48;2;29;101;144m▀[38;2;29;101;145m[48;2;29;101;145m▀[38;2;76;220;139m[48;2;29;102;145m▀[38;2;76;220;139m[48;2;76;220;139m▀[38;2;76;221;140m[48;2;76;221;140m▀[38;2;29;103;147m[48;2;77;222;140m▀[38;2;29;103;147m[48;2;77;222;141m▀[38;2;29;103;147m[48;2;77;223;141m▀[38;2;29;103;147m[48;2;29;103;147m▀[38;2;29;103;147m[48;2;29;103;147m▀[38;2;29;103;147m[48;2;29;103;147m▀[38;2;29;103;147m[48;2;29;103;147m▀[38;2;29;103;147m[48;2;29;103;147m▀[38;2;29;103;147m[48;2;29;103;147m▀[38;2;29;103;147m[48;2;29;103;147m▀[38;2;29;103;147m[48;2;29;103;147m▀[38;2;29;103;147m[48;2;29;103;147m▀[38;2;29;103;147m[48;2;29;103;147m▀[38;2;29;103;147m[48;2;29;103;146m▀[38;2;41;142;174m[48;2;41;142;174m▀[38;2;29;102;146m[48;2;29;102;146m▀[38;2;29;102;145m[48;2;29;102;145m▀[38;2;29;101;145m[48;2;29;101;145m▀[38;2;29;101;144m[48;2;29;101;144m▀[38;2;29;101;144m[48;2;29;100;144m▀[38;2;28;100;143m[48;2;28;100;143m▀[38;2;28;99;143m[48;2;28;99;142m▀[38;2;28;99;142m[48;2;28;99;142m▀[38;2;28;98;141m[48;2;28;98;141m▀[38;2;28;97;140m[48;2;28;97;140m▀[38;2;27;97;139m[48;2;27;97;139m▀[38;2;27;96;138m[48;2;27;96;138m▀[38;2;27;95;137m[48;2;27;95;137m▀[38;2;41;141;173m[48;2;41;141;173m▀[38;2;26;92;134m[48;2;26;92;134m▀[38;2;26;91;132m[48;2;26;91;132m▀[38;2;25;90;130m[48;2;25;90;130m▀[38;2;25;88;128m[48;2;25;88;128m▀[38;2;24;86;126m[48;2;24;86;126m▀[38;2;56;177;111m[48;2;23;84;123m▀[38;2;54;171;107m[48;2;23;81;120m▀[38;2;22;78;116m[48;2;22;78;116m▀[38;2;20;72;109m[48;2;40;138;169m▀[0m
[38;2;20;71;108m[48;2;19;70;106m▀[38;2;40;139;170m[48;2;21;77;115m▀[38;2;23;81;120m[48;2;40;139;170m▀[38;2;23;84;123m[48;2;40;139;171m▀[38;2;24;86;126m[48;2;24;86;125m▀[38;2;25;88;128m[48;2;25;88;128m▀[38;2;25;89;130m[48;2;25;89;130m▀[38;2;26;91;132m[48;2;26;91;132m▀[38;2;26;92;134m[48;2;26;92;133m▀[38;2;41;141;173m[48;2;41;141;173m▀[38;2;27;95;136m[48;2;27;94;136m▀[38;2;27;96;138m[48;2;27;95;137m▀[38;2;27;96;139m[48;2;27;96;139m▀[38;2;28;97;140m[48;2;28;97;140m▀[38;2;28;98;141m[48;2;28;98;141m▀[38;2;28;99;142m[48;2;28;99;141m▀[38;2;28;99;142m[48;2;28;99;142m▀[38;2;28;100;143m[48;2;28;100;143m▀[38;2;29;100;144m[48;2;29;100;144m▀[38;2;29;101;144m[48;2;29;101;144m▀[38;2;29;101;145m[48;2;29;101;145m▀[38;2;29;102;145m[48;2;29;102;145m▀[38;2;41;142;174m[48;2;41;142;174m▀[38;2;41;142;174m[48;2;41;142;174m▀[38;2;29;103;146m[48;2;29;102;146m▀[38;2;77;222;140m[48;2;77;222;140m▀[38;2;77;222;141m[48;2;77;222;141m▀[38;2;29;103;147m[48;2;29;103;147m▀[38;2;29;103;147m[48;2;29;103;147m▀[38;2;29;103;147m[48;2;29;103;147m▀[38;2;29;103;147m[48;2;77;223;141m▀[38;2;29;103;147m[48;2;77;223;141m▀[38;2;29;103;147m[48;2;77;223;141m▀[38;2;29;103;147m[48;2;77;223;141m▀[38;2;29;103;147m[48;2;77;222;141m▀[38;2;29;103;147m[48;2;77;222;141m▀[38;2;29;103;147m[48;2;29;103;146m▀[38;2;29;103;146m[48;2;76;221;140m▀[38;2;41;142;174m[48;2;41;142;174m▀[38;2;41;142;174m[48;2;41;142;174m▀[38;2;29;102;145m[48;2;29;102;145m▀[38;2;29;101;145m[48;2;29;101;145m▀[38;2;29;101;144m[48;2;29;101;144m▀[38;2;29;100;144m[48;2;29;100;144m▀[38;2;28;100;143m[48;2;28;100;143m▀[38;2;28;99;142m[48;2;28;99;142m▀[38;2;28;99;142m[48;2;28;99;141m▀[38;2;28;98;141m[48;2;28;98;141m▀[38;2;28;97;140m[48;2;28;97;140m▀[38;2;27;96;139m[48;2;27;96;139m▀[38;2;27;96;138m[48;2;27;95;137m▀[38;2;27;95;136m[48;2;27;94;136m▀[38;2;41;141;173m[48;2;41;141;173m▀[38;2;26;92;134m[48;2;26;92;133m▀[38;2;26;91;132m[48;2;26;91;132m▀[38;2;25;89;130m[48;2;25;89;130m▀[38;2;25;88;128m[48;2;25;88;128m▀[38;2;24;86;126m[48;2;24;86;125m▀[38;2;23;84;123m[48;2;40;139;171m▀[38;2;23;81;120m[48;2;40;139;170m▀[38;2;40;139;170m[48;2;21;77;115m▀[38;2;20;71;108m[48;2;19;70;106m▀[0m
[38;2;18;68;103m[48;2;0;0;0m▀[38;2;21;76;114m[48;2;21;75;112m▀[38;2;22;80;118m[48;2;22;79;118m▀[38;2;40;139;171m[48;2;23;82;121m▀[38;2;41;140;171m[48;2;24;85;124m▀[38;2;41;140;172m[48;2;41;140;172m▀[38;2;25;89;130m[48;2;41;140;172m▀[38;2;25;90;131m[48;2;41;141;172m▀[38;2;26;92;133m[48;2;41;141;172m▀[38;2;41;141;173m[48;2;41;141;173m▀[38;2;27;94;136m[48;2;27;94;136m▀[38;2;27;95;137m[48;2;27;95;137m▀[38;2;27;96;138m[48;2;27;96;138m▀[38;2;27;97;139m[48;2;27;97;139m▀[38;2;28;98;140m[48;2;28;97;140m▀[38;2;28;98;141m[48;2;28;98;141m▀[38;2;28;99;142m[48;2;28;99;142m▀[38;2;28;100;143m[48;2;28;99;142m▀[38;2;28;100;143m[48;2;28;100;143m▀[38;2;29;101;144m[48;2;29;100;144m▀[38;2;29;101;144m[48;2;29;101;144m▀[38;2;29;101;145m[48;2;29;101;145m▀[38;2;41;142;174m[48;2;41;142;174m▀[38;2;41;142;174m[48;2;41;142;174m▀[38;2;29;102;146m[48;2;29;102;146m▀[38;2;29;102;146m[48;2;29;102;146m▀[38;2;77;222;140m[48;2;29;102;146m▀[38;2;77;222;140m[48;2;29;103;146m▀[38;2;29;103;147m[48;2;29;103;147m▀[38;2;77;222;141m[48;2;29;103;147m▀[38;2;77;222;141m[48;2;77;222;140m▀[38;2;77;222;141m[48;2;77;222;140m▀[38;2;77;222;141m[48;2;77;222;140m▀[38;2;77;222;141m[48;2;77;222;140m▀[38;2;77;222;140m[48;2;77;221;140m▀[38;2;77;222;140m[48;2;76;221;140m▀[38;2;76;221;140m[48;2;76;221;140m▀[38;2;76;221;140m[48;2;76;220;139m▀[38;2;76;220;139m[48;2;76;219;139m▀[38;2;41;142;174m[48;2;75;219;138m▀[38;2;29;101;145m[48;2;75;218;138m▀[38;2;29;101;144m[48;2;75;217;137m▀[38;2;29;101;144m[48;2;74;216;137m▀[38;2;28;100;143m[48;2;28;100;143m▀[38;2;28;100;143m[48;2;28;99;142m▀[38;2;28;99;142m[48;2;28;99;142m▀[38;2;28;98;141m[48;2;28;98;141m▀[38;2;28;98;140m[48;2;28;97;140m▀[38;2;27;97;139m[48;2;27;97;139m▀[38;2;27;96;138m[48;2;27;96;138m▀[38;2;27;95;137m[48;2;27;95;137m▀[38;2;27;94;136m[48;2;27;94;136m▀[38;2;41;141;173m[48;2;41;141;173m▀[38;2;26;92;133m[48;2;41;141;172m▀[38;2;25;90;131m[48;2;41;141;172m▀[38;2;25;89;130m[48;2;41;140;172m▀[38;2;41;140;172m[48;2;41;140;172m▀[38;2;41;140;171m[48;2;24;85;124m▀[38;2;40;139;171m[48;2;23;82;121m▀[38;2;22;80;118m[48;2;22;79;118m▀[38;2;21;76;114m[48;2;21;75;112m▀[38;2;18;68;103m[48;2;0;0;0m▀[0m
 [38;2;40;138;169m[48;2;20;71;108m▀[38;2;22;78;116m[48;2;21;77;115m▀[38;2;23;82;120m[48;2;22;81;119m▀[38;2;24;84;124m[48;2;23;83;123m▀[38;2;24;86;126m[48;2;24;86;125m▀[38;2;25;88;128m[48;2;25;87;128m▀[38;2;25;90;130m[48;2;25;89;130m▀[38;2;41;141;172m[48;2;25;90;131m▀[38;2;41;141;173m[48;2;41;141;172m▀[38;2;41;141;173m[48;2;26;93;134m▀[38;2;41;141;173m[48;2;27;94;136m▀[38;2;41;141;173m[48;2;41;141;173m▀[38;2;27;96;139m[48;2;41;141;173m▀[38;2;27;97;139m[48;2;41;142;173m▀[38;2;28;98;140m[48;2;41;142;174m▀[38;2;28;98;141m[48;2;41;142;174m▀[38;2;28;99;142m[48;2;41;142;174m▀[38;2;28;100;143m[48;2;41;142;174m▀[38;2;28;100;143m[48;2;41;142;174m▀[38;2;29;100;144m[48;2;28;100;143m▀[38;2;29;101;144m[48;2;29;100;144m▀[38;2;41;142;174m[48;2;41;142;174m▀[38;2;41;142;174m[48;2;41;142;174m▀[38;2;29;102;145m[48;2;29;101;145m▀[38;2;29;102;146m[48;2;29;102;145m▀[38;2;29;102;146m[48;2;29;102;145m▀[38;2;29;102;146m[48;2;29;102;146m▀[38;2;29;102;146m[48;2;29;102;146m▀[38;2;29;103;146m[48;2;76;220;139m▀[38;2;76;221;140m[48;2;76;220;140m▀[38;2;76;221;140m[48;2;76;220;140m▀[38;2;76;221;140m[48;2;76;220;139m▀[38;2;76;221;140m[48;2;76;220;139m▀[38;2;76;221;140m[48;2;76;220;139m▀[38;2;76;220;139m[48;2;76;220;139m▀[38;2;76;220;139m[48;2;76;219;139m▀[38;2;76;219;139m[48;2;75;219;138m▀[38;2;75;219;138m[48;2;75;218;138m▀[38;2;75;218;138m[48;2;75;217;137m▀[38;2;75;217;137m[48;2;74;216;137m▀[38;2;74;216;137m[48;2;74;215;136m▀[38;2;74;215;136m[48;2;73;214;136m▀[38;2;73;214;135m[48;2;73;213;135m▀[38;2;28;99;142m[48;2;72;212;134m▀[38;2;28;98;141m[48;2;41;142;174m▀[38;2;28;98;140m[48;2;41;142;174m▀[38;2;27;97;139m[48;2;41;142;173m▀[38;2;27;96;139m[48;2;41;141;173m▀[38;2;41;141;173m[48;2;41;141;173m▀[38;2;41;141;173m[48;2;27;94;136m▀[38;2;41;141;173m[48;2;26;93;134m▀[38;2;41;141;173m[48;2;41;141;172m▀[38;2;41;141;172m[48;2;25;90;131m▀[38;2;25;90;130m[48;2;25;89;130m▀[38;2;25;88;128m[48;2;25;87;128m▀[38;2;24;86;126m[48;2;24;86;125m▀[38;2;24;84;124m[48;2;23;83;123m▀[38;2;23;82;120m[48;2;22;81;119m▀[38;2;22;78;116m[48;2;21;77;115m▀[38;2;40;138;169m[48;2;20;71;108m▀ [0m
 [38;2;18;66;101m[48;2;0;0;0m▀[38;2;21;75;113m[48;2;20;73;110m▀[38;2;22;79;118m[48;2;22;78;116m▀[38;2;23;82;122m[48;2;23;81;120m▀[38;2;24;85;124m[48;2;23;84;123m▀[38;2;24;87;127m[48;2;24;86;126m▀[38;2;25;88;129m[48;2;25;88;128m▀[38;2;25;90;131m[48;2;25;89;130m▀[38;2;41;141;172m[48;2;41;141;172m▀[38;2;26;92;134m[48;2;26;92;133m▀[38;2;26;93;135m[48;2;26;93;134m▀[38;2;27;94;136m[48;2;27;94;136m▀[38;2;27;95;137m[48;2;27;95;137m▀[38;2;27;96;138m[48;2;27;96;138m▀[38;2;27;97;139m[48;2;27;96;139m▀[38;2;28;98;140m[48;2;28;97;140m▀[38;2;28;98;141m[48;2;28;98;140m▀[38;2;41;142;174m[48;2;28;98;141m▀[38;2;41;142;174m[48;2;28;99;142m▀[38;2;41;142;174m[48;2;28;99;142m▀[38;2;41;142;174m[48;2;28;100;143m▀[38;2;74;216;137m[48;2;41;142;174m▀[38;2;41;142;174m[48;2;41;142;174m▀[38;2;41;142;174m[48;2;29;101;144m▀[38;2;41;142;174m[48;2;29;101;144m▀[38;2;41;142;174m[48;2;29;101;144m▀[38;2;41;142;174m[48;2;29;101;145m▀[38;2;76;219;139m[48;2;75;218;138m▀[38;2;76;220;139m[48;2;75;218;138m▀[38;2;76;220;139m[48;2;75;219;138m▀[38;2;76;220;139m[48;2;75;219;138m▀[38;2;76;220;139m[48;2;75;218;138m▀[38;2;76;219;139m[48;2;75;218;138m▀[38;2;75;219;139m[48;2;75;218;138m▀[38;2;75;219;138m[48;2;75;218;138m▀[38;2;75;218;138m[48;2;75;217;137m▀[38;2;75;218;138m[48;2;74;217;137m▀[38;2;75;217;137m[48;2;74;216;137m▀[38;2;74;216;137m[48;2;74;215;136m▀[38;2;74;215;136m[48;2;73;214;136m▀[38;2;73;214;136m[48;2;73;213;135m▀[38;2;73;213;135m[48;2;72;212;134m▀[38;2;72;212;134m[48;2;72;211;133m▀[38;2;72;211;133m[48;2;71;210;133m▀[38;2;71;209;132m[48;2;71;208;132m▀[38;2;70;208;131m[48;2;70;207;131m▀[38;2;27;96;138m[48;2;69;205;129m▀[38;2;27;95;137m[48;2;68;203;128m▀[38;2;27;94;136m[48;2;67;201;127m▀[38;2;26;93;135m[48;2;66;198;125m▀[38;2;26;92;134m[48;2;26;92;133m▀[38;2;41;141;172m[48;2;41;141;172m▀[38;2;25;90;131m[48;2;25;89;130m▀[38;2;25;88;129m[48;2;25;88;128m▀[38;2;24;87;127m[48;2;24;86;126m▀[38;2;24;85;124m[48;2;23;84;123m▀[38;2;23;82;122m[48;2;23;81;120m▀[38;2;22;79;118m[48;2;22;78;116m▀[38;2;21;75;113m[48;2;20;73;110m▀[38;2;18;66;101m[48;2;0;0;0m▀ [0m
  [38;2;40;138;168m[48;2;0;0;0m▀[38;2;21;76;114m[48;2;20;74;111m▀[38;2;22;80;118m[48;2;22;78;116m▀[38;2;23;83;122m[48;2;23;81;120m▀[38;2;24;85;125m[48;2;23;84;123m▀[38;2;24;87;127m[48;2;24;86;126m▀[38;2;25;88;129m[48;2;25;87;128m▀[38;2;41;141;172m[48;2;41;140;172m▀[38;2;26;91;132m[48;2;25;90;131m▀[38;2;26;92;134m[48;2;26;91;133m▀[38;2;26;93;135m[48;2;26;93;134m▀[38;2;27;94;136m[48;2;26;93;135m▀[38;2;27;95;137m[48;2;27;94;136m▀[38;2;27;96;138m[48;2;27;95;137m▀[38;2;27;97;139m[48;2;27;96;138m▀[38;2;28;97;140m[48;2;27;97;139m▀[38;2;28;98;140m[48;2;28;97;140m▀[38;2;28;98;141m[48;2;28;98;140m▀[38;2;28;99;142m[48;2;28;98;141m▀[38;2;28;99;142m[48;2;28;99;141m▀[38;2;41;142;174m[48;2;41;142;174m▀[38;2;41;142;174m[48;2;41;142;174m▀[38;2;28;100;143m[48;2;28;100;143m▀[38;2;29;100;144m[48;2;28;100;143m▀[38;2;29;101;144m[48;2;28;100;143m▀[38;2;29;101;144m[48;2;28;100;143m▀[38;2;75;217;137m[48;2;74;216;137m▀[38;2;75;217;138m[48;2;74;216;137m▀[38;2;75;217;138m[48;2;74;216;137m▀[38;2;75;217;138m[48;2;74;216;137m▀[38;2;75;217;138m[48;2;74;216;137m▀[38;2;75;217;137m[48;2;74;216;137m▀[38;2;75;217;137m[48;2;74;216;136m▀[38;2;74;217;137m[48;2;74;215;136m▀[38;2;74;216;137m[48;2;74;215;136m▀[38;2;74;215;136m[48;2;73;214;135m▀[38;2;74;215;136m[48;2;73;213;135m▀[38;2;73;214;135m[48;2;73;213;135m▀[38;2;73;213;135m[48;2;72;212;134m▀[38;2;72;212;134m[48;2;72;211;133m▀[38;2;72;211;133m[48;2;71;210;133m▀[38;2;71;210;133m[48;2;71;208;132m▀[38;2;71;208;132m[48;2;70;207;131m▀[38;2;70;207;131m[48;2;69;205;130m▀[38;2;69;205;130m[48;2;69;204;129m▀[38;2;68;203;128m[48;2;68;202;127m▀[38;2;67;201;127m[48;2;67;200;126m▀[38;2;66;199;126m[48;2;66;197;125m▀[38;2;65;197;124m[48;2;26;91;133m▀[38;2;26;91;132m[48;2;25;90;131m▀[38;2;41;141;172m[48;2;41;140;172m▀[38;2;25;88;129m[48;2;25;87;128m▀[38;2;24;87;127m[48;2;24;86;126m▀[38;2;24;85;125m[48;2;23;84;123m▀[38;2;23;83;122m[48;2;23;81;120m▀[38;2;22;80;118m[48;2;22;78;116m▀[38;2;21;76;114m[48;2;20;74;111m▀[38;2;40;138;168m[48;2;0;0;0m▀  [0m
   [38;2;40;138;168m[48;2;0;0;0m▀[38;2;21;76;114m[48;2;20;73;110m▀[38;2;22;80;118m[48;2;22;78;116m▀[38;2;23;82;121m[48;2;22;81;119m▀[38;2;24;84;124m[48;2;23;83;122m▀[38;2;24;86;126m[48;2;24;85;125m▀[38;2;41;140;172m[48;2;24;87;127m▀[38;2;25;89;130m[48;2;25;88;129m▀[38;2;26;91;132m[48;2;25;90;130m▀[38;2;26;92;133m[48;2;26;91;132m▀[38;2;26;93;134m[48;2;26;92;133m▀[38;2;26;94;135m[48;2;26;93;134m▀[38;2;27;94;136m[48;2;26;94;135m▀[38;2;27;95;137m[48;2;27;94;136m▀[38;2;27;96;138m[48;2;27;95;137m▀[38;2;27;96;139m[48;2;27;96;138m▀[38;2;28;97;140m[48;2;27;96;139m▀[38;2;28;97;140m[48;2;27;97;139m▀[38;2;28;98;141m[48;2;28;97;140m▀[38;2;41;142;174m[48;2;41;142;174m▀[38;2;41;142;174m[48;2;41;142;174m▀[38;2;28;99;142m[48;2;28;98;141m▀[38;2;28;99;142m[48;2;28;99;141m▀[38;2;28;99;142m[48;2;28;99;142m▀[38;2;28;100;143m[48;2;28;99;142m▀[38;2;28;100;143m[48;2;28;99;142m▀[38;2;74;215;136m[48;2;73;213;135m▀[38;2;74;215;136m[48;2;73;213;135m▀[38;2;74;215;136m[48;2;73;213;135m▀[38;2;74;215;136m[48;2;73;213;135m▀[38;2;73;214;136m[48;2;73;213;135m▀[38;2;73;214;135m[48;2;73;213;134m▀[38;2;73;214;135m[48;2;72;212;134m▀[38;2;73;213;135m[48;2;72;212;134m▀[38;2;73;213;135m[48;2;72;211;133m▀[38;2;72;212;134m[48;2;72;210;133m▀[38;2;72;211;134m[48;2;71;210;132m▀[38;2;72;210;133m[48;2;71;209;132m▀[38;2;71;209;132m[48;2;70;207;131m▀[38;2;71;208;132m[48;2;70;206;130m▀[38;2;70;207;131m[48;2;69;205;129m▀[38;2;69;205;130m[48;2;68;203;129m▀[38;2;69;204;129m[48;2;68;202;127m▀[38;2;68;202;128m[48;2;67;200;126m▀[38;2;67;200;126m[48;2;66;198;125m▀[38;2;66;198;125m[48;2;65;196;123m▀[38;2;26;92;133m[48;2;26;91;132m▀[38;2;26;91;132m[48;2;25;90;130m▀[38;2;25;89;130m[48;2;25;88;129m▀[38;2;41;140;172m[48;2;24;87;127m▀[38;2;24;86;126m[48;2;24;85;125m▀[38;2;24;84;124m[48;2;23;83;122m▀[38;2;23;82;121m[48;2;22;81;119m▀[38;2;22;80;118m[48;2;22;78;116m▀[38;2;21;76;114m[48;2;20;73;110m▀[38;2;40;138;168m[48;2;0;0;0m▀   [0m
    [38;2;40;137;168m[48;2;0;0;0m▀[38;2;21;75;112m[48;2;40;138;168m▀[38;2;22;79;117m[48;2;21;76;114m▀[38;2;23;81;120m[48;2;22;79;118m▀[38;2;23;84;123m[48;2;23;82;121m▀[38;2;24;85;125m[48;2;23;84;123m▀[38;2;41;140;172m[48;2;41;140;171m▀[38;2;25;88;129m[48;2;24;87;127m▀[38;2;25;90;131m[48;2;25;89;129m▀[38;2;26;91;132m[48;2;25;90;130m▀[38;2;26;92;133m[48;2;26;91;132m▀[38;2;26;93;134m[48;2;26;92;133m▀[38;2;26;93;135m[48;2;26;92;134m▀[38;2;27;94;136m[48;2;26;93;135m▀[38;2;27;95;137m[48;2;27;94;136m▀[38;2;27;95;138m[48;2;27;95;136m▀[38;2;27;96;138m[48;2;27;95;137m▀[38;2;27;96;139m[48;2;27;96;138m▀[38;2;27;97;139m[48;2;27;96;138m▀[38;2;41;142;174m[48;2;41;141;173m▀[38;2;28;98;140m[48;2;27;97;139m▀[38;2;28;98;140m[48;2;27;97;139m▀[38;2;28;98;141m[48;2;28;97;140m▀[38;2;28;98;141m[48;2;28;97;140m▀[38;2;28;98;141m[48;2;28;98;140m▀[38;2;28;98;141m[48;2;28;98;140m▀[38;2;72;211;134m[48;2;28;98;140m▀[38;2;72;211;134m[48;2;71;210;133m▀[38;2;72;211;134m[48;2;71;209;132m▀[38;2;72;211;134m[48;2;71;209;132m▀[38;2;72;211;133m[48;2;71;209;132m▀[38;2;72;210;133m[48;2;71;208;132m▀[38;2;71;210;133m[48;2;70;208;131m▀[38;2;71;209;132m[48;2;70;207;131m▀[38;2;71;209;132m[48;2;70;207;131m▀[38;2;70;208;131m[48;2;69;206;130m▀[38;2;70;207;131m[48;2;69;205;129m▀[38;2;69;206;130m[48;2;68;203;129m▀[38;2;69;204;129m[48;2;68;202;128m▀[38;2;68;203;128m[48;2;67;201;127m▀[38;2;67;201;127m[48;2;66;199;126m▀[38;2;67;200;126m[48;2;66;197;125m▀[38;2;66;198;125m[48;2;65;195;123m▀[38;2;65;196;123m[48;2;64;193;122m▀[38;2;26;91;132m[48;2;25;90;130m▀[38;2;25;90;131m[48;2;25;89;129m▀[38;2;25;88;129m[48;2;24;87;127m▀[38;2;41;140;172m[48;2;41;140;171m▀[38;2;24;85;125m[48;2;23;84;123m▀[38;2;23;84;123m[48;2;23;82;121m▀[38;2;23;81;120m[48;2;22;79;118m▀[38;2;22;79;117m[48;2;21;76;114m▀[38;2;21;75;112m[48;2;40;138;168m▀[38;2;40;137;168m[48;2;0;0;0m▀    [0m
      [38;2;40;138;169m[48;2;0;0;0m▀[38;2;21;77;114m[48;2;20;73;110m▀[38;2;22;80;118m[48;2;40;139;170m▀[38;2;23;82;121m[48;2;40;139;170m▀[38;2;24;84;124m[48;2;23;82;121m▀[38;2;24;86;126m[48;2;40;140;171m▀[38;2;24;87;127m[48;2;24;86;125m▀[38;2;25;88;129m[48;2;24;87;127m▀[38;2;25;90;130m[48;2;25;88;129m▀[38;2;25;90;131m[48;2;25;89;130m▀[38;2;26;91;133m[48;2;25;90;131m▀[38;2;26;92;134m[48;2;26;91;132m▀[38;2;26;93;134m[48;2;26;92;133m▀[38;2;26;94;135m[48;2;26;92;134m▀[38;2;27;94;136m[48;2;26;93;135m▀[38;2;27;95;137m[48;2;26;94;135m▀[38;2;27;95;137m[48;2;27;94;136m▀[38;2;41;141;173m[48;2;41;141;173m▀[38;2;27;96;138m[48;2;27;95;137m▀[38;2;27;96;138m[48;2;27;95;137m▀[38;2;27;96;139m[48;2;27;95;137m▀[38;2;27;96;139m[48;2;27;96;138m▀[38;2;27;97;139m[48;2;27;96;138m▀[38;2;27;97;139m[48;2;27;96;138m▀[38;2;27;97;139m[48;2;27;96;138m▀[38;2;27;97;139m[48;2;27;96;138m▀[38;2;27;97;139m[48;2;27;96;138m▀[38;2;27;97;139m[48;2;27;96;138m▀[38;2;70;207;131m[48;2;69;204;129m▀[38;2;70;206;130m[48;2;69;204;129m▀[38;2;70;206;130m[48;2;68;203;129m▀[38;2;69;205;130m[48;2;68;203;128m▀[38;2;69;204;129m[48;2;68;202;128m▀[38;2;68;203;129m[48;2;67;201;127m▀[38;2;68;202;128m[48;2;67;200;126m▀[38;2;67;201;127m[48;2;66;198;125m▀[38;2;67;200;126m[48;2;66;197;124m▀[38;2;66;198;125m[48;2;65;195;123m▀[38;2;65;197;124m[48;2;64;194;122m▀[38;2;64;195;123m[48;2;25;90;131m▀[38;2;63;192;121m[48;2;25;89;130m▀[38;2;25;90;130m[48;2;25;88;129m▀[38;2;25;88;129m[48;2;24;87;127m▀[38;2;24;87;127m[48;2;24;86;125m▀[38;2;24;86;126m[48;2;40;140;171m▀[38;2;24;84;124m[48;2;23;82;121m▀[38;2;23;82;121m[48;2;40;139;170m▀[38;2;22;80;118m[48;2;40;139;170m▀[38;2;21;77;114m[48;2;20;73;110m▀[38;2;40;138;169m[48;2;0;0;0m▀      [0m
        [38;2;20;73;110m[48;2;0;0;0m▀[38;2;21;77;115m[48;2;20;73;109m▀[38;2;40;139;170m[48;2;21;77;114m▀[38;2;40;139;171m[48;2;22;79;118m▀[38;2;40;140;171m[48;2;40;139;171m▀[38;2;24;85;125m[48;2;23;83;123m▀[38;2;24;87;127m[48;2;41;140;171m▀[38;2;25;88;128m[48;2;41;140;171m▀[38;2;25;89;129m[48;2;41;140;172m▀[38;2;25;90;130m[48;2;41;140;172m▀[38;2;25;90;131m[48;2;25;89;130m▀[38;2;26;91;132m[48;2;25;90;131m▀[38;2;26;92;133m[48;2;25;90;131m▀[38;2;26;92;134m[48;2;26;91;132m▀[38;2;26;93;134m[48;2;26;92;133m▀[38;2;41;141;173m[48;2;41;141;172m▀[38;2;26;94;135m[48;2;26;92;134m▀[38;2;27;94;136m[48;2;26;93;134m▀[38;2;27;94;136m[48;2;26;93;135m▀[38;2;27;94;136m[48;2;26;93;135m▀[38;2;27;95;137m[48;2;26;93;135m▀[38;2;27;95;137m[48;2;26;93;135m▀[38;2;27;95;137m[48;2;26;94;135m▀[38;2;27;95;137m[48;2;26;94;135m▀[38;2;27;95;137m[48;2;26;93;135m▀[38;2;68;202;128m[48;2;67;199;126m▀[38;2;68;202;128m[48;2;66;199;126m▀[38;2;67;201;127m[48;2;66;198;125m▀[38;2;67;201;127m[48;2;66;198;125m▀[38;2;67;200;126m[48;2;66;197;124m▀[38;2;66;199;126m[48;2;65;196;124m▀[38;2;66;198;125m[48;2;65;195;123m▀[38;2;65;197;124m[48;2;64;194;122m▀[38;2;65;196;123m[48;2;63;192;121m▀[38;2;64;194;123m[48;2;63;191;120m▀[38;2;63;192;121m[48;2;25;89;130m▀[38;2;25;90;130m[48;2;41;140;172m▀[38;2;25;89;129m[48;2;41;140;172m▀[38;2;25;88;128m[48;2;41;140;171m▀[38;2;24;87;127m[48;2;41;140;171m▀[38;2;24;85;125m[48;2;23;83;123m▀[38;2;40;140;171m[48;2;40;139;171m▀[38;2;40;139;171m[48;2;22;79;118m▀[38;2;40;139;170m[48;2;21;77;114m▀[38;2;21;77;115m[48;2;20;73;109m▀[38;2;20;73;110m[48;2;0;0;0m▀        [0m
          [38;2;20;72;108m[48;2;0;0;0m▀[38;2;21;76;114m[48;2;19;70;106m▀[38;2;22;79;117m[48;2;21;75;112m▀[38;2;40;139;171m[48;2;22;78;116m▀[38;2;23;83;122m[48;2;22;80;118m▀[38;2;24;84;124m[48;2;23;82;121m▀[38;2;24;85;125m[48;2;23;83;122m▀[38;2;24;86;126m[48;2;24;84;124m▀[38;2;25;87;128m[48;2;24;85;125m▀[38;2;25;88;129m[48;2;24;86;126m▀[38;2;41;140;172m[48;2;24;87;127m▀[38;2;41;141;172m[48;2;25;88;128m▀[38;2;41;141;172m[48;2;25;88;129m▀[38;2;41;141;172m[48;2;25;89;130m▀[38;2;41;141;172m[48;2;41;140;172m▀[38;2;41;141;172m[48;2;25;90;131m▀[38;2;41;141;172m[48;2;25;90;131m▀[38;2;41;141;172m[48;2;25;90;131m▀[38;2;41;141;172m[48;2;26;91;132m▀[38;2;41;141;173m[48;2;26;91;132m▀[38;2;41;141;173m[48;2;26;91;132m▀[38;2;41;141;173m[48;2;26;91;132m▀[38;2;41;141;173m[48;2;64;193;122m▀[38;2;65;196;124m[48;2;64;193;122m▀[38;2;65;196;124m[48;2;63;192;121m▀[38;2;65;195;123m[48;2;63;192;121m▀[38;2;64;195;123m[48;2;63;191;120m▀[38;2;64;194;122m[48;2;62;190;120m▀[38;2;64;193;122m[48;2;62;189;119m▀[38;2;63;192;121m[48;2;61;188;118m▀[38;2;62;190;120m[48;2;61;186;117m▀[38;2;62;189;119m[48;2;24;87;127m▀[38;2;25;88;129m[48;2;24;86;126m▀[38;2;25;87;128m[48;2;24;85;125m▀[38;2;24;86;126m[48;2;24;84;124m▀[38;2;24;85;125m[48;2;23;83;122m▀[38;2;24;84;124m[48;2;23;82;121m▀[38;2;23;83;122m[48;2;22;80;118m▀[38;2;40;139;171m[48;2;22;78;116m▀[38;2;22;79;117m[48;2;21;75;112m▀[38;2;21;76;114m[48;2;19;70;106m▀[38;2;20;72;108m[48;2;0;0;0m▀          [0m
             [38;2;20;73;110m[48;2;0;0;0m▀[38;2;21;76;114m[48;2;19;69;105m▀[38;2;22;78;117m[48;2;20;74;111m▀[38;2;22;80;119m[48;2;21;77;114m▀[38;2;23;82;121m[48;2;22;79;117m▀[38;2;23;83;122m[48;2;22;80;119m▀[38;2;24;84;124m[48;2;23;81;120m▀[38;2;24;85;125m[48;2;23;83;122m▀[38;2;24;86;126m[48;2;23;83;123m▀[38;2;24;87;127m[48;2;24;84;124m▀[38;2;24;87;127m[48;2;24;85;125m▀[38;2;41;140;172m[48;2;41;140;171m▀[38;2;25;88;128m[48;2;24;86;126m▀[38;2;25;88;129m[48;2;24;86;126m▀[38;2;25;89;129m[48;2;24;87;127m▀[38;2;25;89;129m[48;2;24;87;127m▀[38;2;25;89;130m[48;2;24;87;127m▀[38;2;25;89;130m[48;2;24;87;127m▀[38;2;25;89;130m[48;2;24;87;127m▀[38;2;62;189;119m[48;2;60;184;116m▀[38;2;62;189;119m[48;2;60;184;116m▀[38;2;61;188;119m[48;2;59;183;116m▀[38;2;61;187;118m[48;2;59;183;115m▀[38;2;61;187;118m[48;2;24;86;126m▀[38;2;60;186;117m[48;2;41;140;171m▀[38;2;60;184;116m[48;2;24;85;125m▀[38;2;24;87;127m[48;2;24;84;124m▀[38;2;24;86;126m[48;2;23;83;123m▀[38;2;24;85;125m[48;2;23;83;122m▀[38;2;24;84;124m[48;2;23;81;120m▀[38;2;23;83;122m[48;2;22;80;119m▀[38;2;23;82;121m[48;2;22;79;117m▀[38;2;22;80;119m[48;2;21;77;114m▀[38;2;22;78;117m[48;2;20;74;111m▀[38;2;21;76;114m[48;2;19;69;105m▀[38;2;20;73;110m[48;2;0;0;0m▀             [0m
                [38;2;19;70;106m[48;2;0;0;0m▀[38;2;20;74;111m[48;2;0;0;0m▀[38;2;21;76;114m[48;2;19;68;104m▀[38;2;22;78;116m[48;2;20;72;109m▀[38;2;22;79;118m[48;2;21;75;112m▀[38;2;22;81;119m[48;2;21;77;114m▀[38;2;23;82;120m[48;2;22;78;116m▀[38;2;23;82;121m[48;2;22;79;117m▀[38;2;23;83;122m[48;2;22;80;118m▀[38;2;40;140;171m[48;2;40;139;170m▀[38;2;23;84;123m[48;2;23;81;120m▀[38;2;24;84;124m[48;2;23;81;120m▀[38;2;24;85;124m[48;2;23;82;121m▀[38;2;24;85;124m[48;2;23;82;121m▀[38;2;24;85;125m[48;2;23;82;121m▀[38;2;24;85;125m[48;2;54;172;109m▀[38;2;57;179;113m[48;2;54;172;108m▀[38;2;57;178;112m[48;2;54;172;108m▀[38;2;57;178;112m[48;2;23;81;120m▀[38;2;23;84;123m[48;2;23;81;120m▀[38;2;40;140;171m[48;2;40;139;170m▀[38;2;23;83;122m[48;2;22;80;118m▀[38;2;23;82;121m[48;2;22;79;117m▀[38;2;23;82;120m[48;2;22;78;116m▀[38;2;22;81;119m[48;2;21;77;114m▀[38;2;22;79;118m[48;2;21;75;112m▀[38;2;22;78;116m[48;2;20;72;109m▀[38;2;21;76;114m[48;2;19;68;104m▀[38;2;20;74;111m[48;2;0;0;0m▀[38;2;19;70;106m[48;2;0;0;0m▀                [0m
                     [38;2;40;137;168m[48;2;0;0;0m▀[38;2;20;72;109m[48;2;0;0;0m▀[38;2;20;74;111m[48;2;0;0;0m▀[38;2;21;75;113m[48;2;0;0;0m▀[38;2;21;76;114m[48;2;18;67;102m▀[38;2;40;139;170m[48;2;19;70;106m▀[38;2;22;78;116m[48;2;40;138;169m▀[38;2;22;78;116m[48;2;20;72;109m▀[38;2;22;78;116m[48;2;20;72;109m▀[38;2;22;78;117m[48;2;40;138;169m▀[38;2;22;78;117m[48;2;40;138;169m▀[38;2;22;78;116m[48;2;20;72;109m▀[38;2;22;78;116m[48;2;20;72;109m▀[38;2;22;78;116m[48;2;40;138;169m▀[38;2;40;139;170m[48;2;19;70;106m▀[38;2;21;76;114m[48;2;18;67;102m▀[38;2;21;75;113m[48;2;0;0;0m▀[38;2;20;74;111m[48;2;0;0;0m▀[38;2;20;72;109m[48;2;0;0;0m▀[38;2;40;137;168m[48;2;0;0;0m▀                     [0m